record_type,rank,models,handle,title,type,us_listed,us_in_stock,us_price,ca_listed,ca_in_stock,ca_price,current_model_tags,legacy_model_tags,discontinued_models_listed,n_discontinued_listed,page_fit_text,evidence_count,best_quotes,oem_status,competitor_price_band,class_abc,liability,h2s_printability,suggested_next
gap,1,RadRover 6 Plus (HS/ST); RadCity 5 Plus (HS/ST); RadRunner 3 Plus (Rad UI Remote bikes),,Rad UI Remote / UI Display handlebar clamp (replacement) + snap-on protective cover,,,,,,,,,,,,,Yotpo 11 relevant (clamp/mount broke 8; cover/waterproof wish 3); DIY 1 (wire tie). YouTube 0 direct.,"425697954 2022-12-16 ""The clamp holding the smaller digital power screen to the handle bar was cracked. I have been using a wire tie to hold it on.""; 421429203 2022-11-28 ""Bracket on speed control has broken twice.""; 475594244 2023-06-11 ""The PAS control screen handlebar mount ring broke at the screw mount after normal use.""; 717913183 2025-06-13 ""have broken part ( that connects screen to handle bars)... called but no response.""; 387319502 2022-07-22 (Rad UI Remote) ""I wish it had protection cover and was waterproof.""",Removed: Rad UI Remote & Rad UI Display spare listings no longer in products.json; standalone clamp never seen listed,"Covers: Etsy $7.95-$19.99 (1386731282, 1163000482, 1327914181); Amazon RR6+ dashboard covers $21.99-$23.99; Printables UI bracket (price NEEDS DATA). Full remote: Bikeshop West $99 (in stock).",(c) non-load accessory,"Low. Not throttle, not battery. Clamp holds a small remote (OEM clamp bolts 3 mm hex, 3 Nm per 2021 RR6+ manual). Keep off brake-lever clamp; do not seal/enclose electronics (cover must drain).","Yes, easily (parts <60 mm). ASA/PETG clamp, TPU cover.",DESIGN
gap,2,"RadRunner Plus (original 2020-2024, owner bike); also other Premium-Headlight bikes using Rad Front Rack / front-mounted baskets",,Premium Headlight relocation bracket (under Front Rack / on fork-arch bolt) with wire strain relief,,,,,,,,,,,,,"Yotpo 45 hits, 17 WTB/DIY (2021: 15, 2022: 13, 2023: 12, 2024: 4, 2025: 1)","424013553 2022-12-09 (RadRunner Plus) ""I do wish I could run the front rack with the deluxe headlight. I do think a simple bracket could be designed...""; 281785675 2021-08-10 (Premium Headlight) ""Rad does say they have no bracket for the light""; 239788662 2021-03-19 (Front Rack) ""I had a local auto body shop fabricate a bracket for me""; 271745759 2021-06-30 ""I plan to fabricate my own bracket.""; 244885130 2021-04-11 ""tied on with zip ties and duct tape""","Never offered. Rad fit text: Front Rack ""NOT compatible with the Premium Headlight"" (buy Standard headlight $44 as workaround)","Printables free STL ""Rad Runner Premium Headlight bracket"" (id 657351, 32 downloads). Paid competitor price NEEDS DATA.",(c) non-load accessory (light mount),"Medium. A failed bracket can drop the lamp near the spokes (224327340 2021-01-14). Needs metal fasteners, wire tether, vibration test. Not a load path.",Yes (roughly 80x40x30 mm). ASA or CF-nylon.,DESIGN
gap,3,RadRover 6 Plus (HS/ST); partly RadRunner 3 Plus,,Cockpit accessory mount (stem-cap or short extender) for mirror/phone where Rad Mirror/GUB are officially incompatible,,,,,,,,,,,,,Yotpo 19 RR6+ wish reviews (6 WTB); 74 RR6-mention mirror/phone reviews; GUB negative-fit reviews >=4,"534053385 2023-12-31 ""Love the bike only wish they made a mirror to fit the bike""; 658272467 2024-12-11 ""just wish they offered more accessories like a phone holder and a rear view mirror.""; 485695569 2023-07-25 ""Mirrors would be an excellent accessory but not available from Rad.""; 420968992 2022-11-25 ""Wish there was an attachment for a phone mount""; 505131882 2023-09-26 ""handlebar extenders to mount the cup holder & phone holder""","Never offered for RR6+. Rad Mirror and GUB PRO-3 fit text exclude RR6+ (""limited handlebar space"")",Mirrors bought in: Amazon $22.99-$26.87; MakerWorld free RadRunner handlebar extender. Paid printed mount NEEDS DATA.,(c) non-load accessory,"Low-medium. Phone-mass clamp; must not crowd brake levers/UI remote; mirror head bought in, not printed.",Yes,DESIGN (gated: RR6+ fit data NEEDS DATA; prototype on owner RR3+ UI cockpit)
gap,4,RadRover 6 Plus; RadCity 5 Plus (no bottle bosses),,Frame/seatpost bottle-cage adapter,,,,,,,,,,,,,"Yotpo 43 hits, 8 WTB/DIY (mostly 2022-2023)","477381857 2023-06-16 ""I wish there was a bottle holder hole or accessory.""; 469253552 2023-05-14 ""I don't get the No place for water cage change! Please bring that back.""; 595124431 2024-06-30 ""velcro attached carrier that i purchased from Amazon""","Rad Water Bottle Holder in stock $20 but ""Not compatible with RadRover Plus models"" and conflicts on RadCity Plus","Etsy ""RAD POWER BIKE Bottle Holder Mounting Bracket"" $31.98 (547 favs, 4 reviews); GZila/Ride And Carry (price NEEDS DATA this run)",(c) non-load accessory,Low-medium (bottle mass on frame clamp; must not touch battery shell).,Yes,WATCH (strong incumbent)
gap,5,RadRover 6 Plus (with Rad rear rack); RadRover 5,,Rack-to-fender anti-rattle bumper + taillight-wire clip (NOT fender stays),,,,,,,,,,,,,"Yotpo 52 fender/rattle hits on RadRover products, 7 WTB/DIY","424973834 2022-12-13 ""the fender moving against it... it should come with self stick pads""; 494638730 2023-08-18 ""rear fender rattles against the rear rack... Fixed it with some sticky back foam gasket.""; 498880109 2023-09-07 (support bar) ""Told my part was not available and was not going to become available.""",RadRover Full Fenders removed (404); RadRover Rear Rack OOS US+CA; fender hardware kits removed,Fenders: Bikeshop West RR6 front/rear $39 each. Bumper/clip competitor NEEDS DATA.,(c) non-load accessory,Low for the bumper/clip. Fender stays/support bars: excluded (failure can jam wheel).,Yes (tiny),WATCH
gap,6,RadCity 5 Plus; RadRover 6 Plus; RadRunner 2; RadCity 4,,Chainring guard / pant guard,,,,,,,,,,,,,"Yotpo 14 hits, 2 WTB; YouTube 2023 comment threads on RC5+ and pants/grease","541040570 2024-01-31 (RR6+) ""Wish there was a chain guard""; 577202501 2024-05-01 (RR2) ""Could use a chain guard.""; 315423475 2021-11-27 (RC4) ""No Chain Guard?... Can one be added on without looking silly?""",Never offered as accessory (none in US/CA catalog),"MakerWorld free ""RadExpand 5 Chain Ring Guard"" (0 downloads); Amazon generic CHAINBOW $34.02",(c) non-load accessory next to drivetrain,Medium (a failed guard could jam the chain). Needs chainring/BB dims (NEEDS DATA).,Likely (ring guard <=220 mm),KEEP_HUNTING
gap,7,"RadWagon 4; New RadWagon (MY25, reuses RW4 frame per Electrek 2026-01-13)",,Center-stand retention clip/stabilizer,,,,,,,,,,,,,"Yotpo 47 kickstand hits on RadWagon products, 3 WTB/DIY; Etsy listing reviews corroborate (not counted)","224396244 2021-01-14 ""a faulty kickstand that kept throwing springs""; 224458720 2021-01-14 ""springs that hold kickstand"" came off",Rad Kickstand spare $40 in stock (lists RW4); Bikeshop West RW4 spring $10,"Crowded: Etsy StandKeeper $15.00 (20 reviews), Etsy stabilizer $19.99; Amazon >=8 RW4 holders $14.99-$19.99 incl. a 3D-printed one at $15.99",(c) retention clip,"Medium: with broken springs the clip becomes the only retention. If it fails, the stand could drop while riding.",Yes,WATCH (crowded)
gap,8,RadRunner Plus (original),,Full front/rear fenders,,,,,,,,,,,,,"Yotpo 6 hits, 0 WTB","379402527 2022-06-17 ""no front fender on my bike STILL""; 486621760 2023-07-27 ""the fender is lose and rattles""","Never offered separately. RadRunner Full Fenders fit text: ""Not compatible with the RadRunner Plus. Please contact us if you need replacement fenders.""","Amazon generic RR+ fender sets $39.99-$75.99 (e.g., B0HG9LZ4GW ""RadRunner Plus Gen2 2020-2023"" $43.99)","(c), but fender stays count as structural",Medium-high (stays and wheel jam). Too large for a single print.,"No (the arc is longer than 340 mm, so it would need segments)",DROP
gap,9,Legacy external-battery bikes (RadMini etc.),,Charge-port / terminal caps,,,,,,,,,,,,,"Yotpo 91 hits, 3 WTB","344020396 2022-03-04 ""These do not fit my 2 Rad Mini's... Please make these for the entire fleet.""","In stock at Rad ($5 port cover, $20 terminal cover)",Etsy $4.00-$20.00 (battery cap $10.99 with 396 favs); Amazon 12+ listings $19.90-$30.00; free STLs,(c) near the battery,Battery-adjacent. Not a launch SKU (no battery enclosures).,Yes,DROP
gap,10,"RadMini, RadRover (legacy), all 2018+",,Medium Front-Mounted Basket / Hardshell Locking Box / RadMini Rear Rack (discontinued),,,,,,,,,,,,,"Yotpo discontinued-wish reviews: 774444052 2025-10-28, 506182303 2023-09-29, 656830163 2024-12-05, 397704686 2022-08-26","774444052 2025-10-28 ""I'm disappointed you discontinued the medium size.""",Removed,n/a,(b) load mount,"Load path, so never a launch SKU",Partly,DROP
accessory_fit,,,20-x-4-25-inner-tube,"Inner Tube - 20"" x 4.25""",Spare Parts,N,,,Y,N,20.00,RE5,RM4;RMST2;RadMini (2016);RadMini (2017);RadMini (2018);RadMini (2019);RadMini Step-Thru (2019),RE5;RM4;RMST2,3,,,,,,,,,
accessory_fit,,,20-x-4-inner-tube,"Inner Tube - 20"" x 4""",Spare Parts,Y,Y,22.00,N,,,RE5;RE5+;RRn+;RRn2;RRn3+;RW5,RM4;RMST2;RRn1;RadMini (2016);RadMini (2017);RadMini (2018);RadMini (2019);RadMini Step-Thru (2019),RE5;RM4;RMST2;RRn+;RRn1;RRn2;RRn3+,7,Compatibility | RadWagon 5 (2024-2025) | RadRunner MY25 (2025) | RadRunner Plus MY25 (2025) | RadRunner Max MY25 (2025) | RadRunner 1-2 (2019-2025) | RadRunner 3 Plus (2023-2025) | RadExpand 5 Plus (2024) | RadExpand 5 (2022-2024) | RadMini 1-4 HS (2016-2022) | RadMini ST 2 (2020-2022) | Spare and r,,,,,,,,
accessory_fit,,,26-x-2-3-inner-tube,"Inner Tube - 26"" x 2.3""",Spare Parts,Y,Y,22.00,Y,Y,20.00,,RC4;RCST3;RadCity (2017);RadCity (2018);RadCity (2019);RadCity Step-Thru (2018);RadCity Step-Thru (2019);RadWagon (2015);RadWagon (2016);RadWagon (2017);RadWagon (2018);RadWagon (2019),RC4;RCST3,2,"Compatibility | RadCity High-Step, RadCity Step-Thru, RadWagon (model year 2015 - 2019) | Kenda K-Rad - 26"" x 2.3"" tire | Details | PSI Range: 30 - 80 PSI | Sizing & Capacity | Overview | Replacement inner tube for 26"" tires 2.3"" - 2.4"" wide. | Tire performance and replacement information | Inner Tu",,,,,,,,
accessory_fit,,,26-x-4-inner-tube,"Inner Tube - 26"" x 4""",Spare Parts,Y,Y,22.00,Y,Y,20.00,RR6+;RR6+ST,RR5;RRST1;RadRover (2015);RadRover (2016);RadRover (2017);RadRover (2018);RadRover (2019),RR5;RR6+;RR6+ST;RRST1,4,"Compatibility | RadRover (all model years) | Kenda Juggernaut - 26"" x 4"" tire | Details | PSI Range: 5 - 30 PSI | Sizing & Capacity | Overview | Replacement inner tube for 26"" tires 3.5"" - 4"" wide. | Tire performance and replacement information | Inner Tube - 26"" x 4"" | You May Also Like | Out of St",,,,,,,,
accessory_fit,,,abus-adaptor-chain-130-cm,ABUS Adaptor Chain (130 cm),Accessories,Y,Y,59.99,Y,Y,79.99,RC5+;RC5+ST;RE5+;RK;RW5;RsR;RsT,RC4;RCST3;RMis1,RC4;RC5+;RC5+ST;RCST3;RMis1,5,"Compatibility | Requires the | Rad Wheel Lock by ABUS | The Rad Wheel Lock by ABUS is compatible with the RadCity 5 Plus and RadKick, as well as the legacy RadCity 3 & 4 and RadMission models. | Details | For use with an ABUS Wheel Lock. This product cannot be used on its own. | 6 mm square chain ma",,,,,,,,
accessory_fit,,,abus-adaptor-chain-85-cm,ABUS Adaptor Chain (85 cm),Accessories,Y,Y,49.99,N,,,RC5+;RC5+ST;RE5+;RK;RW5;RsR;RsT,RC4;RCST3;RMis1,RC4;RC5+;RC5+ST;RCST3;RMis1,5,"Compatibility | Requires the | Rad Wheel Lock by ABUS | The ABUS Wheel Lock is compatible with RadCity 5 Plus and RadKick, in addition to the legacy RadCity and RadMission ebikes. | Details | Pair with the | Rad Wheel Lock by ABUS | . This product can’t be used on its own. | Provides secondary secur",,,,,,,,
accessory_fit,,,abus-bordo-granit-x-plus-6500,ABUS Bordo Granit X-Plus 6500 Folding Lock,Accessories,Y,Y,189.00,Y,N,229.00,RC5+;RC5+ST;RE5;RE5+;RK;RR6+;RR6+ST;RRn+;RRn+-MY25;RRn-MY25;RRn2;RRn3+;RRnMax;RT;RW4;RW5;RsR;RsT,RC4;RCST3;RM4;RMST2;RMis1;RR5;RRST1;RRn1;RadCity (2017);RadCity (2018);RadCity (2019);RadCity Step-Thru (2018);RadCity Step-Thru (2019);RadMini (2016);RadMini (2017);RadMini (2018);RadMini (2019);RadMini Step-Thru (2019);RadRover (2015);RadRover (2016);RadRover (2017);RadRover (2018);RadRover (2019);RadWagon (2015);RadWagon (2016);RadWagon (2017);RadWagon (2018);RadWagon (2019),RC4;RC5+;RC5+ST;RCST3;RE5;RM4;RMST2;RMis1;RR5;RR6+;RR6+ST;RRST1;RRn+;RRn1;RRn2;RRn3+;RT;RW4,18,"Compatibility | Most ebike models | Mounting points may vary, cannot be mounted to the frame of the RadCity Plus Step-Thru or RadRover Plus Step-Thru | 85 cm version is not recommended with the RadRover Step-Thru or RadRover 6 Plus Step-Thru | Details | Ideal for securing high-cost bicycles | ABUS S",,,,,,,,
accessory_fit,,,abus-hyban-helmet-2-0,ABUS Hyban 2.0 Helmet,Accessories,Y,Y,79.00,N,,,RC5+;RC5+ST;RE5;RK;RR6+;RR6+ST;RRn+;RRn2;RW4,RC4;RCST3;RM4;RMST2;RMis1;RR5;RRST1;RRn1;RadCity (2017);RadCity (2018);RadCity (2019);RadCity Step-Thru (2018);RadCity Step-Thru (2019);RadMini (2016);RadMini (2017);RadMini (2018);RadMini (2019);RadMini Step-Thru (2019);RadRover (2015);RadRover (2016);RadRover (2017);RadRover (2018);RadRover (2019);RadWagon (2015);RadWagon (2016);RadWagon (2017);RadWagon (2018);RadWagon (2019),RC4;RC5+;RC5+ST;RCST3;RE5;RM4;RMST2;RMis1;RR5;RR6+;RR6+ST;RRST1;RRn+;RRn1;RRn2;RW4,16,,,,,,,,,
accessory_fit,,,abus-hyban-helmet-2-1,ABUS Hyban Helmet 2.0,Accessories,N,,,Y,N,70.00,RE5;RRn+;RRn+-MY25;RRn-MY25;RRn2;RRnMax;RW4,RC4;RCST3;RM4;RMST2;RMis1;RR5;RRST1;RRn1;RadCity (2017);RadCity (2018);RadCity (2019);RadCity Step-Thru (2018);RadCity Step-Thru (2019);RadMini (2016);RadMini (2017);RadMini (2018);RadMini (2019);RadMini Step-Thru (2019);RadRover (2015);RadRover (2016);RadRover (2017);RadRover (2018);RadRover (2019);RadWagon (2015);RadWagon (2016);RadWagon (2017);RadWagon (2018);RadWagon (2019),RC4;RCST3;RE5;RM4;RMST2;RMis1;RR5;RRST1;RRn+;RRn1;RRn2;RW4,12,,,,,,,,,
accessory_fit,,,ballard-cargo-bag,Ballard Cargo Bag,Accessories,Y,Y,81.75,Y,Y,96.75,RRn3+;RRnMax;RW4,RadWagon (2019),RRn3+;RW4,2,"Compatibility | Compatible with all RadWagon models, RadRunner 3 Plus, and RadRunner Max | Includes replacement clips to ensure compatibility with RadWagon models sold before 2020 | Cannot be mounted with the Thule Yepp Child Seat, rear-mounted baskets or RadRunner 3 Passenger Package. Can be used w",,,,,,,,
accessory_fit,,,basket-bag-large,Large Basket Bag,Accessories,Y,Y,47.00,N,,,RC5+;RC5+ST;RE5;RE5+;RK;RR6+;RR6+ST;RRn+;RRn2;RRn3+;RT;RW4;RW5;RsR;RsT,RC4;RCST3;RM4;RMST2;RMis1;RR5;RRST1;RRn1;RadCity (2018);RadCity (2019);RadCity Step-Thru (2018);RadCity Step-Thru (2019);RadMini (2018);RadMini (2019);RadMini Step-Thru (2019);RadRover (2018);RadRover (2019);RadWagon (2018);RadWagon (2019),RC4;RC5+;RC5+ST;RCST3;RE5;RM4;RMST2;RMis1;RR5;RR6+;RR6+ST;RRST1;RRn+;RRn1;RRn2;RRn3+;RT;RW4,18,"Compatibility | All 2018 and after model ebikes | Requires the | Large Front-Mounted Basket | or the | Large Basket | . | Requires a rear rack for rear mounting. Please check whether your bike comes with a rear rack or if you need to purchase one separately. | Details | Tough, waterproof coated rips",,,,,,,,
accessory_fit,,,basket-carry-bag-large,Large Basket Bag,Accessories,N,,,Y,Y,63.00,RC5+;RC5+ST;RE5;RE5+;RK;RR6+;RR6+ST;RRn+-MY25;RRn-MY25;RRn2;RRnMax;RW4;RW5;RsR;RsT,RC4;RCST3;RM4;RMST2;RMis1;RR5;RRST1;RRn1;RadCity (2018);RadCity (2019);RadCity Step-Thru (2018);RadCity Step-Thru (2019);RadMini (2018);RadMini (2019);RadMini Step-Thru (2019);RadRover (2018);RadRover (2019);RadWagon (2018);RadWagon (2019),RC4;RC5+;RC5+ST;RCST3;RE5;RM4;RMST2;RMis1;RR5;RR6+;RR6+ST;RRST1;RRn1;RRn2;RW4,15,,,,,,,,,
accessory_fit,,,basket-carry-bag-small,Small Basket Bag,Accessories,N,,,Y,N,59.00,RC5+;RC5+ST;RE5;RE5+;RK;RR6+;RR6+ST;RRn+-MY25;RRn-MY25;RRn2;RRn3+;RRnMax;RW4;RW5;RsR;RsT,RC4;RCST3;RM4;RMST2;RMis1;RR5;RRST1;RRn1;RadCity (2018);RadCity (2019);RadCity Step-Thru (2018);RadCity Step-Thru (2019);RadMini (2018);RadMini (2019);RadMini Step-Thru (2019);RadRover (2018);RadRover (2019);RadWagon (2018);RadWagon (2019),RC4;RC5+;RC5+ST;RCST3;RE5;RM4;RMST2;RMis1;RR5;RR6+;RR6+ST;RRST1;RRn1;RRn2;RRn3+;RW4,16,,,,,,,,,
accessory_fit,,,battery-terminal-cover,Battery Terminal Cover,Accessories,Y,Y,20.00,Y,Y,25.00,RC5+;RC5+ST;RE5+;RR6+;RR6+ST;RRn3+;RT;RW5,,RC5+;RC5+ST;RR6+;RR6+ST;RRn3+;RT,6,"Compatibility | Check whether your bike model uses a semi-integrated or external battery and choose accordingly | Current semi-integrated battery models: RadCity 5 Plus, RadRover 6 Plus, RadRunner 3 Plus (comes included with the bike), Radster Road, Radster Trail | External: All 2018 and newer model",,,,,,,,
accessory_fit,,,battery-travel-case,Battery Travel Case,Accessories,Y,Y,49.00,Y,Y,67.00,RC5+;RC5+ST;RE5;RE5+;RK;RR6+;RR6+ST;RRn+;RRn+-MY25;RRn-MY25;RRn2;RRn3+;RRnMax;RT;RW4;RW5;RsR;RsT,RC4;RCST3;RM4;RMST2;RMis1;RR5;RRST1;RRn1;RadCity (2017);RadCity (2018);RadCity (2019);RadCity Step-Thru (2018);RadCity Step-Thru (2019);RadMini (2017);RadMini (2018);RadMini (2019);RadMini Step-Thru (2019);RadRover (2017);RadRover (2018);RadRover (2019);RadWagon (2017);RadWagon (2018);RadWagon (2019),RC4;RC5+;RC5+ST;RCST3;RE5;RM4;RMST2;RMis1;RR5;RR6+;RR6+ST;RRST1;RRn+;RRn1;RRn2;RRn3+;RT;RW4,18,Compatibility | All 2017 and after model ebike batteries | Details | Protective EVA foam lining | Polyester outer shell with zipper closure | Interior mesh pocket with built-in key loop | Sizing & Capacity | Dimensions (LxWxH): 18 in x 4 in x 6 in (45.5 cm x 10.5 cm x 14.8 cm) | Installation & Use |,,,,,,,,
accessory_fit,,,bern-brentwood-2-0-mips-helmet,Bern Brentwood 2.0 MIPS Helmet,Accessories,Y,Y,119.00,N,,,RC5+;RC5+ST;RE5;RK;RR6+;RR6+ST;RRn+;RRn2;RW4,RC4;RCST3;RM4;RMST2;RMis1;RR5;RRST1;RRn1;RadCity (2018);RadCity (2019);RadCity Step-Thru (2018);RadCity Step-Thru (2019);RadMini (2016);RadMini (2017);RadMini (2018);RadMini (2019);RadMini Step-Thru (2019);RadRover (2015);RadRover (2016);RadRover (2017);RadRover (2018);RadRover (2019);RadWagon (2015);RadWagon (2016);RadWagon (2017);RadWagon (2018);RadWagon (2019),RC4;RC5+;RC5+ST;RCST3;RE5;RM4;RMST2;RMis1;RR5;RR6+;RR6+ST;RRST1;RRn+;RRn1;RRn2;RW4,16,,,,,,,,,
accessory_fit,,,bern-hudson-mips-helmet,Bern Hudson MIPS Helmet,Accessories,Y,Y,149.00,N,,,RC5+;RC5+ST;RE5;RK;RR6+;RR6+ST;RRn+;RRn2;RW4,RC4;RCST3;RM4;RMST2;RMis1;RR5;RRST1;RRn1;RadCity (2017);RadCity (2018);RadCity (2019);RadCity Step-Thru (2018);RadCity Step-Thru (2019);RadMini (2016);RadMini (2017);RadMini (2018);RadMini (2019);RadMini Step-Thru (2019);RadRover (2015);RadRover (2016);RadRover (2017);RadRover (2018);RadRover (2019);RadWagon (2015);RadWagon (2016);RadWagon (2017);RadWagon (2018);RadWagon (2019),RC4;RC5+;RC5+ST;RCST3;RE5;RM4;RMST2;RMis1;RR5;RR6+;RR6+ST;RRST1;RRn+;RRn1;RRn2;RW4,16,,,,,,,,,
accessory_fit,,,bern-major-mips-helmet,Bern Major MIPS Helmet,Accessories,Y,Y,130.00,N,,,RK,,,0,,,,,,,,,
accessory_fit,,,bike-adapter-bar,Bike Adapter Bar,Accessories,Y,Y,39.99,Y,Y,30.00,RC5+ST;RE5+;RK;RR6+ST;RRn+;RRn+-MY25;RRn-MY25;RRn2;RRn3+;RRnMax;RW4;RsR;RsT,RCST3;RMST2;RMis1;RRST1;RRn1;RadCity Step-Thru (2018);RadCity Step-Thru (2019);RadMini Step-Thru (2019),RC5+ST;RCST3;RMST2;RMis1;RR6+ST;RRST1;RRn+;RRn1;RRn2;RRn3+;RW4,11,"Compatibility | Use with the | Hollywood Racks Sport Rider Rack | to secure step-thru and mid-step models. | Note: The bike adapter bar is notrequired for the Hollywood Racks RV Rack. | Sizing & Capacity | Overview | The telescoping adaptor bar will fit various size bicycles, and will not scratch yo",,,,,,,,
accessory_fit,,,brake-cable-universal,Brake Cable Kit,Spare Parts,N,,,Y,Y,14.00,RW4,RadWagon (2015);RadWagon (2016);RadWagon (2017);RadWagon (2018);RadWagon (2019),RW4,1,,,,,,,,,
accessory_fit,,,brake-pads-gemma-g2-semi-metallic,"Brake Pads - Gemma, G2, Semi-Metallic",Spare Parts,Y,Y,30.00,Y,N,30.00,RE5+,,,0,"Compatibility | RadExpand 5 Plus (2024-2025) | RadRunner MY25 (2025) | RadRunner Plus MY25 (2025) | RadRunner Max MY25 (2025) | R | eplacement parts are not eligible for returns or refunds. | Decrease quantity for Brake Pads - Gemma, G2, Semi-Metallic | Increase quantity for Brake Pads - Gemma, G2, ",,,,,,,,
accessory_fit,,,brake-pads-tektro-e11-11-semi-metallic,"Brake Pads - Tektro, E11.11, Organic",Spare Parts,Y,Y,25.00,Y,N,30.00,RW5,,,0,Compatibility | RadWagon 5 | Sizing & Capacity | Installation & Use | Hydraulic brakes replacement guide | Overview | Replacement brake pads for the RadWagon 5. | This includes two pads (one set) to replace either the front or rear brake pads. Order 2 sets to replace both front and rear brake pads. ,,,,,,,,
accessory_fit,,,brake-pads-tektro-p20-11-semi-metallic,"Brake Pads - Tektro, P20.11, Semi-Metallic",Spare Parts,Y,Y,25.00,Y,Y,30.00,RsR;RsT,,,0,"Compatibility | Radster Trail Lg (2024) | Radster Trail Reg (2024) | Radster Road Lg (2024) | Radster Road Reg (2024) | Decrease quantity for Brake Pads - Tektro, P20.11, Semi-Metallic | Increase quantity for Brake Pads - Tektro, P20.11, Semi-Metallic | Add to Cart | Free shipping on orders over $15",,,,,,,,
accessory_fit,,,cable-kit-shifter-radster-all,"Cable Kit - Shifter, Radster (All)",Spare Parts,Y,Y,15.00,N,,,,,,0,"Compatibility | Radster Trail Lg (2024) | Radster Trail Reg (2024) | Radster Road Lg (2024) | Radster Road Reg (2024) | Decrease quantity for Cable Kit - Shifter, Radster (All) | Increase quantity for Cable Kit - Shifter, Radster (All) | Add to Cart | Cable Kit - Shifter, Radster (All) | Overview | ",,,,,,,,
accessory_fit,,,cargo-bundle,Cargo Bundle,Bundles,Y,N,199.00,N,,,,,,0,Compatibility: | Compatible: All 2018 and after model ebikes | Installation & Use: | The Large Basket should only be mounted perpendicularly to the bike as shown in the product images. | Decrease quantity for Cargo Bundle | Increase quantity for Cargo Bundle | Out of Stock | Free shipping* | *Shippi,,,,,,,,
accessory_fit,,,cargo-net,Cargo Net,Accessories,Y,Y,15.00,Y,Y,18.75,RC5+;RC5+ST;RE5;RE5+;RK;RR6+;RR6+ST;RRn+;RRn+-MY25;RRn-MY25;RRn2;RRn3+;RRnMax;RT;RW4;RW5;RsR;RsT,RC4;RCST3;RM4;RMST2;RMis1;RR5;RRST1;RRn1;RadCity (2017);RadCity (2018);RadCity (2019);RadCity Step-Thru (2018);RadCity Step-Thru (2019);RadMini (2016);RadMini (2017);RadMini (2018);RadMini (2019);RadMini Step-Thru (2019);RadRover (2015);RadRover (2016);RadRover (2017);RadRover (2018);RadRover (2019);RadWagon (2015);RadWagon (2016);RadWagon (2017);RadWagon (2018);RadWagon (2019),RC4;RC5+;RC5+ST;RCST3;RE5;RM4;RMST2;RMis1;RR5;RR6+;RR6+ST;RRST1;RRn+;RRn1;RRn2;RRn3+;RT;RW4,18,,,,,,,,,
accessory_fit,,,cargo-straps,Cargo Straps,Accessories,Y,Y,18.75,Y,Y,20.25,RC5+;RC5+ST;RE5;RE5+;RK;RR6+;RR6+ST;RRn+;RRn+-MY25;RRn-MY25;RRn2;RRn3+;RRnMax;RT;RW4;RW5;RsR;RsT,RC4;RCST3;RM4;RMST2;RMis1;RR5;RRST1;RRn1;RadCity (2017);RadCity (2018);RadCity (2019);RadCity Step-Thru (2018);RadCity Step-Thru (2019);RadMini (2016);RadMini (2017);RadMini (2018);RadMini (2019);RadMini Step-Thru (2019);RadRover (2015);RadRover (2016);RadRover (2017);RadRover (2018);RadRover (2019);RadWagon (2015);RadWagon (2016);RadWagon (2017);RadWagon (2018);RadWagon (2019),RC4;RC5+;RC5+ST;RCST3;RE5;RM4;RMST2;RMis1;RR5;RR6+;RR6+ST;RRST1;RRn+;RRn1;RRn2;RRn3+;RT;RW4,18,,,,,,,,,
accessory_fit,,,chain,Chain,Spare Parts,N,,,Y,N,25.00,RC5+;RC5+ST;RE5;RE5+;RR6+;RR6+ST;RRn+;RRn2;RRn3+;RW5;RsR;RsT,RC4;RCST3;RM4;RMST2;RMis1;RR5;RRST1;RRn1;RadCity (2017);RadCity (2018);RadCity (2019);RadCity Step-Thru (2018);RadCity Step-Thru (2019);RadMini (2016);RadMini (2017);RadMini (2018);RadMini (2019);RadMini Step-Thru (2019);RadRover (2015);RadRover (2016);RadRover (2017);RadRover (2018);RadRover (2019),RC4;RC5+;RC5+ST;RCST3;RE5;RM4;RMST2;RMis1;RR5;RR6+;RR6+ST;RRST1;RRn+;RRn1;RRn2;RRn3+,16,,,,,,,,,
accessory_fit,,,chain-6-7-8-spd-160-link-w-missing-link,Chain - 6/7/8 SPD 160 Link W/ Missing Link,Spare Parts,Y,Y,25.00,N,,,,,,0,Compatibility | All Rad Power Bikes (excluding RadTrike) | Not Compatibile | RadTrike (2023-2025) | Decrease quantity for Chain - 6/7/8 SPD 160 Link W/ Missing Link | Increase quantity for Chain - 6/7/8 SPD 160 Link W/ Missing Link | Add to Cart | Chain - 6/7/8 SPD 160 Link W/ Missing Link | Overvie,,,,,,,,
accessory_fit,,,charger-radkick-36v-2a,RadKick Battery Charger,Spare Parts,Y,Y,45.00,N,,,RK,,,0,,,,,,,,,
accessory_fit,,,comfort-saddle,Comfort Saddle,Accessories,Y,Y,59.00,Y,Y,79.00,RC5+;RC5+ST;RE5;RE5+;RK;RR6+;RR6+ST;RRn+;RRn2;RRn3+;RT;RW4;RW5;RsR;RsT,RC4;RCST3;RM4;RMST2;RMis1;RR5;RRST1;RRn1;RadCity (2017);RadCity (2018);RadCity (2019);RadCity Step-Thru (2018);RadCity Step-Thru (2019);RadMini (2016);RadMini (2017);RadMini (2018);RadMini (2019);RadMini Step-Thru (2019);RadRover (2015);RadRover (2016);RadRover (2017);RadRover (2018);RadRover (2019);RadWagon (2015);RadWagon (2016);RadWagon (2017);RadWagon (2018);RadWagon (2019),RC4;RC5+;RC5+ST;RCST3;RE5;RM4;RMST2;RMis1;RR5;RR6+;RR6+ST;RRST1;RRn+;RRn1;RRn2;RRn3+;RT;RW4,18,"Compatibility | All ebike models | RadRunner Plus, RadRunner 2, and RadRunner 1 require a replacement seatpost that has seat rails (sold separately) | Not compatible with the RadRunner Passenger Package | RadTrike - Replacing the Trike saddle will result in removal of the backrest as it is all one a",,,,,,,,
accessory_fit,,,conestoga,Conestoga,Accessories,Y,Y,249.00,Y,N,299.00,RW4;RW5,,RW4,1,Compatibility | RadWagon MY25 | RadWagon 5 | RadWagon 4 | Details | Requires the RadWagon Caboose (sold seperately) | Sizing & Capacity | 35.9 in x 23 in x 24.6 in | Installation & Use | Installation instructions | Overview | Designed to accommodate up to two children and two | Thule Yepp 2 Maxi | c,,,,,,,,
accessory_fit,,,copy-of-brake-lever-2016-v2-radrover-radwagon,Brake Levers,Spare Parts,N,,,Y,Y,25.00,RE5;RRn+;RRn2;RW4,RC4;RCST3;RM4;RMST2;RMis1;RR5;RRST1;RRn1;RadCity (2017);RadCity (2018);RadCity (2019);RadCity Step-Thru (2018);RadCity Step-Thru (2019);RadMini (2016);RadMini (2017);RadMini (2018);RadMini (2019);RadMini Step-Thru (2019);RadRover (2015);RadRover (2016);RadRover (2017);RadRover (2018);RadRover (2019);RadWagon (2015);RadWagon (2016);RadWagon (2017);RadWagon (2018);RadWagon (2019),RC4;RCST3;RE5;RM4;RMST2;RMis1;RR5;RRST1;RRn+;RRn1;RRn2;RW4,12,,,,,,,,,
accessory_fit,,,crank-set-1,Crank Arm,Spare Parts,N,,,Y,Y,47.00,RE5;RRn+;RRn2;RW4,RC4;RCST3;RM4;RMST2;RMis1;RR5;RRST1;RRn1;RadCity (2017);RadCity (2018);RadCity (2019);RadCity Step-Thru (2018);RadCity Step-Thru (2019);RadMini (2016);RadMini (2017);RadMini (2018);RadMini (2019);RadMini Step-Thru (2019);RadRover (2015);RadRover (2016);RadRover (2017);RadRover (2018);RadRover (2019);RadWagon (2015);RadWagon (2016);RadWagon (2017);RadWagon (2018);RadWagon (2019),RC4;RCST3;RE5;RM4;RMST2;RMis1;RR5;RRST1;RRn+;RRn1;RRn2;RW4,12,,,,,,,,,
accessory_fit,,,cst-big-boat-tire-20x3,"CST Big Boat Tire 20"" x 3.0""",Spare Parts,Y,Y,49.50,N,,,RE5;RRn+;RRn2,RM4;RMST2;RRn1,RE5;RM4;RMST2;RRn+;RRn1;RRn2,6,"Compatibility | RadMini, RadMini Step-Thru, RadRunner 1, RadRunner 2, RadRunner Plus | Inner Tube - 20"" x 3"" | Details | 20\"" x 3\"" | Built-in puncture resistant layer | Sizing & Capacity | Overview | Replacement CST Big Boat Tire 20"" x 3.0"" | View more information | on tire performance and selectin",,,,,,,,
accessory_fit,,,cst-big-boat-tires-20-x-3-0,"CST Big Boat Tire 20"" x 3.0""",Spare Parts,N,,,Y,Y,35.00,RE5;RRn+;RRn2,RM4;RMST2;RRn1,RE5;RM4;RMST2;RRn+;RRn1;RRn2,6,,,,,,,,,
accessory_fit,,,electric-bike-brake-cable-kits,Brake Cable Kit,Spare Parts,Y,Y,15.00,N,,,RE5;RRn+;RRn2;RW4,RC4;RCST3;RM4;RMST2;RMis1;RR5;RRST1;RRn1;RadWagon (2015);RadWagon (2016);RadWagon (2017);RadWagon (2018);RadWagon (2019),RC4;RCST3;RE5;RM4;RMST2;RMis1;RR5;RRST1;RRn+;RRn1;RRn2;RW4,12,"Compatibility | Compatible on any model with mechanical brakes | Cut down cable to size | Sizing & Capacity | Overview | Replacement brake cable kit: 1850mm housing, includes a 2000 mm stainless steel brake cable, housing, crimp end. | Sized for Wagon V4, cut to length for other models. | Brake Cabl",,,,,,,,
accessory_fit,,,electric-bike-brake-levers,Brake Lever,Spare Parts,Y,Y,25.00,N,,,RE5;RRn+;RRn2;RW4,RC4;RCST3;RM4;RMST2;RMis1;RR5;RRST1;RRn1;RadCity (2017);RadCity (2018);RadCity (2019);RadCity Step-Thru (2018);RadCity Step-Thru (2019);RadMini (2016);RadMini (2017);RadMini (2018);RadMini (2019);RadMini Step-Thru (2019);RadRover (2015);RadRover (2016);RadRover (2017);RadRover (2018);RadRover (2019);RadWagon (2015);RadWagon (2016);RadWagon (2017);RadWagon (2018);RadWagon (2019),RC4;RCST3;RE5;RM4;RMST2;RMis1;RR5;RRST1;RRn+;RRn1;RRn2;RW4,12,"Compatibility | All RadCity models, except the RadCity 5 Plus | RadExpand 5 | All RadMini models | RadMission | All RadRover models, except the RadRover 6 Plus | All RadRunner models, except the RadRunner 3 Plus | All RadWagon models | Sizing & Capacity | Installation & Use | Mechanical brake lever ",,,,,,,,
accessory_fit,,,electric-bike-crank-arms,Crank Arm,Spare Parts,Y,Y,27.50,N,,,RE5;RRn+;RRn2;RW4,RC4;RCST3;RM4;RMST2;RMis1;RR5;RRST1;RRn1;RadCity (2017);RadCity (2018);RadCity (2019);RadCity Step-Thru (2018);RadCity Step-Thru (2019);RadMini (2016);RadMini (2017);RadMini (2018);RadMini (2019);RadMini Step-Thru (2019);RadRover (2015);RadRover (2016);RadRover (2017);RadRover (2018);RadRover (2019);RadWagon (2015);RadWagon (2016);RadWagon (2017);RadWagon (2018);RadWagon (2019),RC4;RCST3;RE5;RM4;RMST2;RMis1;RR5;RRST1;RRn+;RRn1;RRn2;RW4,12,,,,,,,,,
accessory_fit,,,electric-bike-handlebar-grips,Handlebar Grips,Spare Parts,Y,Y,29.00,N,,,RE5;RRn+;RRn2;RRn3+;RW4,RC4;RCST3;RM4;RMST2;RMis1;RR5;RRST1;RRn1;RadCity (2017);RadCity (2018);RadCity (2019);RadCity Step-Thru (2018);RadCity Step-Thru (2019);RadMini (2016);RadMini (2017);RadMini (2018);RadMini (2019);RadMini Step-Thru (2019);RadRover (2015);RadRover (2016);RadRover (2017);RadRover (2018);RadRover (2019);RadWagon (2015);RadWagon (2016);RadWagon (2017);RadWagon (2018);RadWagon (2019),RC4;RCST3;RE5;RM4;RMST2;RMis1;RR5;RRST1;RRn+;RRn1;RRn2;RRn3+;RW4,13,"Compatibility | All Rad Power Bikes | Select Color: | Black Rubber | Decrease quantity for Handlebar Grips | Increase quantity for Handlebar Grips | Add to Cart | Free shipping on orders over $150* | *Shipping fees and restrictions may apply in Alaska and Hawaii, see checkout. | Compatibility | All ",,,,,,,,
accessory_fit,,,electric-bike-headlights,Headlight - Standard,Spare Parts,Y,Y,44.00,N,,,RC5+;RC5+ST;RE5;RE5+;RR6+;RR6+ST;RRn+;RRn2;RRn3+;RT;RW4;RW5;RsR;RsT,RC4;RCST3;RM4;RMST2;RMis1;RR5;RRST1;RRn1;RadCity (2018);RadCity (2019);RadCity Step-Thru (2018);RadCity Step-Thru (2019);RadMini (2018);RadMini (2019);RadMini Step-Thru (2019);RadRover (2018);RadRover (2019);RadWagon (2018);RadWagon (2019),RC4;RC5+;RC5+ST;RCST3;RE5;RM4;RMST2;RMis1;RR5;RR6+;RR6+ST;RRST1;RRn+;RRn1;RRn2;RRn3+;RT;RW4,18,Compatibility | All Rad ebikes except the following models: | Rover High-Step V1 (2015) | RadRover 2 (2016-2017) | RadWagon 1 (2015-2017) | RadCity 1 HS (2017) | RadMini 1 (2016-2017) | Details | 48V headlight | Brightness: 200 lumens | Sizing & Capacity | Overview | Standard replacement headlight w,,,,,,,,
accessory_fit,,,electric-bike-kickstands,Kickstand,Spare Parts,Y,Y,33.00,N,,,RE5;RRn2;RW4;RW5;RsR;RsT,RC4;RCST3;RM4;RMST2;RMis1;RR5;RRST1;RRn1;RadCity (2017);RadCity (2018);RadCity (2019);RadCity Step-Thru (2018);RadCity Step-Thru (2019);RadMini (2016);RadMini (2017);RadMini (2018);RadMini (2019);RadMini Step-Thru (2019);RadRover (2015);RadRover (2016);RadRover (2017);RadRover (2018);RadRover (2019);RadWagon (2015);RadWagon (2016);RadWagon (2017);RadWagon (2018);RadWagon (2019),RC4;RCST3;RE5;RM4;RMST2;RMis1;RR5;RRST1;RRn1;RRn2;RW4,11,"Compatibility | The RadRunner kickstand is only compatible with the RadRunner 1 & 2, not the RadRunner Plus | Sizing & Capacity | Overview | A selection of replacement kickstands compatible with designated ebike models. | See here for the RadMission kickstand | . | Kickstand | You May Also Like | Ou",,,,,,,,
accessory_fit,,,electric-bike-shifter-cable-kits,Cable Kits - Shifter,Spare Parts,Y,Y,15.00,N,,,RC5+;RC5+ST;RE5;RE5+;RR6+;RR6+ST;RRn+;RRn3+;RsR;RsT,RC4;RCST3;RM4;RMST2;RR5;RRST1;RadCity (2017);RadCity (2018);RadCity (2019);RadCity Step-Thru (2018);RadCity Step-Thru (2019);RadMini (2016);RadMini (2017);RadMini (2018);RadMini (2019);RadMini Step-Thru (2019);RadRover (2015);RadRover (2016);RadRover (2017);RadRover (2018);RadRover (2019);RadWagon (2015);RadWagon (2016);RadWagon (2017);RadWagon (2018);RadWagon (2019),RC4;RC5+;RC5+ST;RCST3;RE5;RM4;RMST2;RR5;RR6+;RR6+ST;RRST1;RRn+;RRn3+,13,"Compatibility | All Rad Power Bikes with 7-speed Shifters | Decrease quantity for Cable Kits - Shifter | Increase quantity for Cable Kits - Shifter | Add to Cart | Free shipping on orders over $150* | *Shipping fees and restrictions may apply in Alaska and Hawaii, see checkout. | Compatibility | All",,,,,,,,
accessory_fit,,,electric-bike-shifters,Shimano Shifter,Spare Parts,Y,Y,25.00,N,,,RC5+;RC5+ST;RE5;RE5+;RR6+;RR6+ST;RRn+;RRn3+;RW4;RW5;RsR;RsT,RC4;RCST3;RM4;RMST2;RR5;RRST1;RadCity (2017);RadCity (2018);RadCity (2019);RadCity Step-Thru (2018);RadCity Step-Thru (2019);RadMini (2016);RadMini (2017);RadMini (2018);RadMini (2019);RadMini Step-Thru (2019);RadRover (2015);RadRover (2016);RadRover (2017);RadRover (2018);RadRover (2019);RadWagon (2015);RadWagon (2016);RadWagon (2017);RadWagon (2018);RadWagon (2019),RC4;RC5+;RC5+ST;RCST3;RE5;RM4;RMST2;RR5;RR6+;RR6+ST;RRST1;RRn+;RRn3+;RW4,14,"Compatibility | 7-Speed: All ebike models except for the Radster, RadRunner 1 & 2 and RadMission 1 | 8-speed: Radster models | 3-Speed: RadWagon (models 2015 - 2018) | Details | Includes: | Shifter | Cable | Tightening screw for shifter mounting clamp | Sizing & Capacity | Installation & Use | Insta",,,,,,,,
accessory_fit,,,enhanced-comfort-saddle,Enhanced Comfort Saddle,Accessories,Y,Y,69.00,Y,Y,99.00,RC5+;RC5+ST;RE5;RE5+;RK;RR6+;RR6+ST;RRn+;RRn2;RRn3+;RT;RW4;RW5;RsR;RsT,RC4;RCST3;RM4;RMST2;RMis1;RR5;RRST1;RRn1;RadCity (2017);RadCity (2018);RadCity (2019);RadCity Step-Thru (2018);RadCity Step-Thru (2019);RadMini (2016);RadMini (2017);RadMini (2018);RadMini (2019);RadMini Step-Thru (2019);RadRover (2015);RadRover (2016);RadRover (2017);RadRover (2018);RadRover (2019);RadWagon (2015);RadWagon (2016);RadWagon (2017);RadWagon (2018);RadWagon (2019),RC4;RC5+;RC5+ST;RCST3;RE5;RM4;RMST2;RMis1;RR5;RR6+;RR6+ST;RRST1;RRn+;RRn1;RRn2;RRn3+;RT;RW4,18,"Compatibility | All ebike models | RadRunner 1, 2, and Plus require a replacement seatpost with seat rails in order to use this saddle. Must purchase separately online or at a local bike shop. | RadRunners (all models): Not recommended for riders under 5'8"". RadRunner riders must make sure that the ",,,,,,,,
accessory_fit,,,external-battery-charge-port-cover,External Battery Charge Port Cover,Spare Parts,Y,Y,5.00,Y,Y,5.00,,,,0,Compatibility | Safe Shield External Battery (14Ah) | Rad Battery Pack (14Ah) | RadMission Battery Pack (10.5Ah) | Sizing & Capacity | Installation & Use | Use only non-metal objects or tools when installing the charge port cover to your existing charge port. Ensure the new charge port cover is secu,,,,,,,,
accessory_fit,,,fremont-pannier-bag,Fremont Pannier Bag,Accessories,Y,Y,66.75,Y,Y,71.25,RC5+;RC5+ST;RE5;RE5+;RK;RR6+;RR6+ST;RRn+;RRn+-MY25;RRn-MY25;RRn2;RRn3+;RRnMax;RW4;RW5;RsR;RsT,RC4;RCST3;RM4;RMST2;RMis1;RR5;RRST1;RRn1;RadCity (2017);RadCity (2018);RadCity (2019);RadCity Step-Thru (2018);RadCity Step-Thru (2019);RadMini (2016);RadMini (2017);RadMini (2018);RadMini (2019);RadMini Step-Thru (2019);RadRover (2015);RadRover (2016);RadRover (2017);RadRover (2018);RadRover (2019);RadWagon (2015);RadWagon (2016);RadWagon (2017);RadWagon (2018);RadWagon (2019),RC4;RC5+;RC5+ST;RCST3;RE5;RM4;RMST2;RMis1;RR5;RR6+;RR6+ST;RRST1;RRn+;RRn1;RRn2;RRn3+;RW4,17,Compatibility | All ebike models | RadRover Rear Rack (required for RadRover models) | RadMission Rear Rack (required for RadMission models) | Cannot be used with RadRunner Passenger Packages (including the standard package on the RadRunner Plus) | Details | Water-resistant construction | Inner zipp,,,,,,,,
accessory_fit,,,front-rack,Front Rack,Accessories,Y,Y,59.00,Y,N,79.00,RC5+;RC5+ST;RE5;RE5+;RK;RR6+;RR6+ST;RRn+-MY25;RRn-MY25;RRn2;RRn3+;RRnMax;RT;RW4;RW5;RsR;RsT,RC4;RCST3;RM4;RMST2;RMis1;RR5;RRST1;RRn1;RadCity (2018);RadCity (2019);RadCity Step-Thru (2018);RadCity Step-Thru (2019);RadMini (2018);RadMini (2019);RadMini Step-Thru (2019);RadRover (2018);RadRover (2019);RadWagon (2018);RadWagon (2019),RC4;RC5+;RC5+ST;RCST3;RE5;RM4;RMST2;RMis1;RR5;RR6+;RR6+ST;RRST1;RRn1;RRn2;RRn3+;RT;RW4,17,Compatibility | All 2018 and after model ebikes | NOT compatible with the Premium Headlight | Premium Headlight comes on the RadRunner Plus (must purchase the Standard Rad Headlight) | Details | Aluminum construction with durable matte black or orange finish | Stainless steel mounting hardware inclu,,,,,,,,
accessory_fit,,,grips-radrunner,RadRunner Handlebar Grips,Spare Parts,Y,Y,25.00,Y,Y,25.00,RRn2,RRn1,RRn1;RRn2,2,Compatibility | RadRunner MY25 (2025) | RadRunner 1-2 (2019-2025) | Spare and replacement parts are not eligible for returns or refunds. | Decrease quantity for RadRunner Handlebar Grips | Increase quantity for RadRunner Handlebar Grips | Add to Cart | Free shipping on orders over $150* | *Shipping ,,,,,,,,
accessory_fit,,,gub-pro-3-phone-mount,GUB PRO-3 Phone Mount,Accessories,Y,Y,25.00,Y,N,27.00,RC5+;RC5+ST;RE5;RE5+;RK;RRn+;RRn+-MY25;RRn-MY25;RRn2;RRn3+;RRnMax;RT;RW4;RW5;RsR;RsT,RC4;RCST3;RM4;RMST2;RMis1;RR5;RRST1;RRn1;RadCity (2017);RadCity (2018);RadCity (2019);RadCity Step-Thru (2018);RadCity Step-Thru (2019);RadMini (2016);RadMini (2017);RadMini (2018);RadMini (2019);RadMini Step-Thru (2019);RadRover (2015);RadRover (2016);RadRover (2017);RadRover (2018);RadRover (2019);RadWagon (2015);RadWagon (2016);RadWagon (2017);RadWagon (2018);RadWagon (2019),RC4;RC5+;RC5+ST;RCST3;RE5;RM4;RMST2;RMis1;RR5;RRST1;RRn+;RRn1;RRn2;RRn3+;RT;RW4,16,Compatibility | Not compatible with the RadRover 6 Plus | On the RadCity 5 Plus it cannot be mounted with the Rad Mirror due to limited handlebar space | Compatible with phones 3.5 in to 6.5 in | Details | CNC Alloy | 18 mm claws | Compatible with phones 3.5 in to 6.5 in | For your safety and the sa,,,,,,,,
accessory_fit,,,handlebar-bag,Handlebar Bag,Accessories,Y,Y,18.75,Y,Y,29.25,RC5+;RC5+ST;RE5;RE5+;RK;RR6+;RR6+ST;RRn+;RRn+-MY25;RRn-MY25;RRn2;RRn3+;RRnMax;RT;RW4;RW5;RsR;RsT,RC4;RCST3;RM4;RMST2;RMis1;RR5;RRST1;RRn1;RadCity (2017);RadCity (2018);RadCity (2019);RadCity Step-Thru (2018);RadCity Step-Thru (2019);RadMini (2016);RadMini (2017);RadMini (2018);RadMini (2019);RadMini Step-Thru (2019);RadRover (2015);RadRover (2016);RadRover (2017);RadRover (2018);RadRover (2019);RadWagon (2015);RadWagon (2016);RadWagon (2017);RadWagon (2018);RadWagon (2019),RC4;RC5+;RC5+ST;RCST3;RE5;RM4;RMST2;RMis1;RR5;RR6+;RR6+ST;RRST1;RRn+;RRn1;RRn2;RRn3+;RT;RW4,18,"Compatibility | All ebike models | Details | Insulated liner | Reflective Rad Power Bikes screen-print | Nylon | Sizing & Capacity | Dimensions (LxWxH): 6.2"" x 3.9"" x 3.9"" (16 cm x 10 cm x 10 cm) | Overview | Our custom stem bag features moveable, daisy-chain straps for multiple mounting locations a",,,,,,,,
accessory_fit,,,handlebar-grips,Handlebar Grips,Spare Parts,N,,,Y,Y,29.00,RE5;RRn+;RRn2;RRn3+;RW4,RC4;RCST3;RM4;RMST2;RMis1;RR5;RRST1;RRn1;RadCity (2017);RadCity (2018);RadCity (2019);RadCity Step-Thru (2018);RadCity Step-Thru (2019);RadMini (2016);RadMini (2017);RadMini (2018);RadMini (2019);RadMini Step-Thru (2019);RadRover (2015);RadRover (2016);RadRover (2017);RadRover (2018);RadRover (2019);RadWagon (2015);RadWagon (2016);RadWagon (2017);RadWagon (2018);RadWagon (2019),RC4;RCST3;RE5;RM4;RMST2;RMis1;RR5;RRST1;RRn+;RRn1;RRn2;RRn3+;RW4,13,,,,,,,,,
accessory_fit,,,handlebar-mitts,Handlebar Mitts,Accessories,Y,Y,59.25,N,,,RC5+;RC5+ST;RE5;RE5+;RK;RR6+;RR6+ST;RRn+;RRn2;RRn3+;RT;RW4;RW5;RsR;RsT,RC4;RCST3;RM4;RMST2;RMis1;RR5;RRST1;RadCity (2018);RadCity (2019);RadCity Step-Thru (2018);RadCity Step-Thru (2019);RadMini (2018);RadMini (2019);RadMini Step-Thru (2019);RadRover (2018);RadRover (2019);RadWagon (2018);RadWagon (2019),RC4;RC5+;RC5+ST;RCST3;RE5;RM4;RMST2;RMis1;RR5;RR6+;RR6+ST;RRST1;RRn+;RRn2;RRn3+;RT;RW4,17,"Compatibility | All 2018 and after model ebikes and etrikes | Note: the Handlebar Mitts cover the PAS adjustment buttons on all bike models, so riders will need to get used to adjusting PAS by feel. | Details | Neoprene with Ripstop and microfleece hinge | Water-resistant | Includes hardware to fit ",,,,,,,,
accessory_fit,,,headlight-herc-125mm-radster-all,Headlight - Radster,Spare Parts,Y,Y,55.00,Y,N,65.00,RsR;RsT,,,0,Compatibility | RadRunner Plus MY25 (2025) | Radster Trail Lg (2024) | Radster Trail Reg (2024) | Radster Road Lg (2024) | Radster Road Reg (2024) | Decrease quantity for Headlight - Radster | Increase quantity for Headlight - Radster | Back Order | Free shipping on orders over $150* | *Shipping fee,,,,,,,,
accessory_fit,,,headlight-radexpand,Headlight - RadExpand,Spare Parts,Y,Y,45.00,Y,Y,39.00,RE5,,RE5,1,Compatibility | RadExpand 5 | RadExpand | Sizing & Capacity | Overview | Replacement LED headlight for the RadExpand 5 and RadExpand 5 Plus electric folding bikes. All Rad ebikes come standard with a headlight. | Headlight - RadExpand | You May Also Like | Out of Stock | 1.5 | 2 Reviews | Headlight ,,,,,,,,
accessory_fit,,,headlight-radkick,Headlight - RadKick,Spare Parts,Y,Y,45.00,N,,,RK,,,0,"Compatibility | All RadKick models | Sizing & Capacity | Overview | Replacement headlight for RadKick models. | Model details: Headlight - 100mm, RadKick | Headlight - RadKick | You May Also Like | Out of Stock | 4.4 | 1510 Reviews | GUB PRO-3 Phone Mount | $25 | Add to Cart | Out of Stock | 4.1 | 8",,,,,,,,
accessory_fit,,,headlight-radmission,Headlight - RadMission,Spare Parts,Y,Y,45.00,Y,Y,49.00,,RMis1,RMis1,1,Compatibility | RadMission | Sizing & Capacity | Overview | Replacement headlight for the RadMission Electric Hybird Bike. | Headlight - RadMission | You May Also Like | Out of Stock | 1.5 | 2 Reviews | Headlight - Standard | $44 | Back Order | Out of Stock | 3.6 | 31 Reviews | Taillight-Standard | ,,,,,,,,
accessory_fit,,,headlight-radwagon-5,Headlight - RadWagon 5,Spare Parts,Y,Y,55.00,Y,Y,65.00,RW5,,,0,Compatibility | RadWagon 5 | Sizing & Capacity | Overview | Replacement headlight for the RadWagon 5 electric cargo bike. | Headlight - RadWagon 5 | You May Also Like | Out of Stock | 1.5 | 2 Reviews | Headlight - Standard | $44 | Back Order | Out of Stock | 3.6 | 31 Reviews | Taillight-Standard | $,,,,,,,,
accessory_fit,,,headlight-runner,Headlight - RadRunner,Spare Parts,Y,Y,45.00,Y,Y,25.00,RRn+;RRn2,RRn1,RRn+;RRn1;RRn2,3,"Compatibility | RadRunner MY25 (2025) | RadRunner 1-2 (2019-2024) | Decrease quantity for Headlight - RadRunner | Increase quantity for Headlight - RadRunner | Back Order | Free shipping on orders over $150* | *Shipping fees and restrictions may apply in Alaska and Hawaii, see checkout. | Compatibil",,,,,,,,
accessory_fit,,,hollywood-racks-ebike-hitch-rack,Hollywood Racks Sport Rider Rack,Accessories,Y,Y,529.99,Y,Y,799.99,RC5+;RC5+ST;RE5;RE5+;RK;RR6+;RR6+ST;RRn+;RRn+-MY25;RRn-MY25;RRn2;RRn3+;RRnMax;RW4;RW5;RsR;RsT,RC4;RCST3;RM4;RMST2;RMis1;RR5;RRST1;RRn1;RadCity (2017);RadCity (2018);RadCity (2019);RadCity Step-Thru (2018);RadCity Step-Thru (2019);RadMini (2016);RadMini (2017);RadMini (2018);RadMini (2019);RadMini Step-Thru (2019);RadRover (2015);RadRover (2016);RadRover (2017);RadRover (2018);RadRover (2019);RadWagon (2015);RadWagon (2016);RadWagon (2017);RadWagon (2018);RadWagon (2019),RC4;RC5+;RC5+ST;RCST3;RE5;RM4;RMST2;RMis1;RR5;RR6+;RR6+ST;RRST1;RRn+;RRn1;RRn2;RRn3+;RW4,17,Compatibility | Designed to carry all combinations of models except RadWagon 3 & RadTrike | Bike Adapter Bar | required for all step-thru and mid-step ebike models | Rack not to be used on a travel trailer | Details | Extra heavy duty wheel holders | Internally reinforced frame | External brace for ,,,,,,,,
accessory_fit,,,hollywood-rv-rider-rack,Hollywood Racks RV Rider Rack,Accessories,Y,Y,649.99,Y,Y,899.99,RC5+;RC5+ST;RE5;RK;RR6+;RR6+ST;RRn+;RRn+-MY25;RRn-MY25;RRn2;RRnMax;RW4,RC4;RCST3;RM4;RMST2;RMis1;RR5;RRST1;RRn1;RadCity (2017);RadCity (2018);RadCity (2019);RadCity Step-Thru (2018);RadCity Step-Thru (2019);RadMini (2016);RadMini (2017);RadMini (2018);RadMini (2019);RadMini Step-Thru (2019);RadRover (2015);RadRover (2016);RadRover (2017);RadRover (2018);RadRover (2019);RadWagon (2017),RC4;RC5+;RC5+ST;RCST3;RE5;RM4;RMST2;RMis1;RR5;RR6+;RR6+ST;RRST1;RRn+;RRn1;RRn2;RW4,16,"Compatibility | Designed to carry all combinations of models except RadWagon 3 & RadTrike | RadWagon MY25, RadWagon 5, and RadWagon 4 require the (optional) running board accessory to be removed before placing on rack | Rack not to be used on a travel trailer | Details | Carries up to two ebikes, up",,,,,,,,
accessory_fit,,,inner-tube-18-x-2-25,"Inner Tube - 18"" x 2.25""",Spare Parts,Y,Y,22.00,N,,,RT,,RT,1,"Compatibility | RadTrike | RadTrike Replacement Tire | Sizing & Capacity | Overview | Replacement inner tube for the RadTrike electric tricycle. | Inner Tube - 18"" x 2.25"" | You May Also Like | Out of Stock | Safe Shield™ Advanced External Battery (15 Ah) | $599 | Back Order | Out of Stock | Safe Sh",,,,,,,,
accessory_fit,,,inner-tube-20-x-3-3,Inner Tube - 20'' x 3.3'',Spare Parts,Y,Y,22.00,Y,N,25.00,RW5,,,0,"Compatibility | RadWagon 5 | Sizing & Capacity | Installation & Use | Learn more about | tire replacement | . | Overview | Replacement inner tube for | 20"" x 3.3"" tires | . | Inner Tube - 20'' x 3.3'' | You May Also Like | Out of Stock | Safe Shield™ Advanced External Battery (15 Ah) | $599 | Back O",,,,,,,,
accessory_fit,,,inner-tube-20-x-4,"Inner Tube - 20"" x 4""",Spare Parts,N,,,Y,Y,20.00,RE5;RRn+;RRn2;RRn3+,RM4;RMST2;RRn1;RadMini (2016);RadMini (2017);RadMini (2018);RadMini (2019);RadMini Step-Thru (2019),RE5;RM4;RMST2;RRn+;RRn1;RRn2;RRn3+,7,,,,,,,,,
accessory_fit,,,inner-tube-27-5-x-2-0-fv40mm,"Inner Tube - 27.5"" x 1.9” ~ 2.0""",Spare Parts,Y,Y,22.00,N,,,RC5+;RC5+ST,RMis1,RC5+;RC5+ST;RMis1,3,"Compatibility | RadCity 5 Plus, RadMission 1 | Kontact Kenda tires 27.5"" x 1.95"" | Details | PSI Range: 35 - 65 PSI rated | 50 - 60 PSI RAD recommended | Sizing & Capacity | Overview | Replacement inner tube for 27.5” tires 1.9” to 2.0” wide. | Tire performance and replacement information | Inner Tu",,,,,,,,
accessory_fit,,,inner-tube-27-5-x-3-0,Inner Tube - 27.5'' x 3.0'',Spare Parts,Y,Y,22.00,Y,Y,25.00,RsT,,,0,Compatibility | Radster Trail Lg (2024) | Radster Trail Reg (2024) | Decrease quantity for Inner Tube - 27.5&#39;&#39; x 3.0&#39;&#39; | Increase quantity for Inner Tube - 27.5&#39;&#39; x 3.0&#39;&#39; | Back Order | Free shipping on orders over $150* | *Shipping fees and restrictions may apply in ,,,,,,,,
accessory_fit,,,inner-tube-29-x-2-2,Inner Tube - 29'' x 2.2'',Spare Parts,Y,Y,22.00,Y,Y,25.00,RsR,,,0,"Compatibility | Radster Road | Sizing & Capacity | Installation & Use | Learn more about | tire replacement | . | Overview | Replacement inner tube for 29"" x 2.2"" tires. | For use with the | Kenda Kwick Tire - 29"" x 2.2'' | . | Inner Tube - 29'' x 2.2'' | You May Also Like | Out of Stock | Safe Shie",,,,,,,,
accessory_fit,,,kenda-havok-tire-27-5-x-3-0,Kenda Havok Tire - 27.5'' x 3.0'',Spare Parts,Y,Y,70.00,Y,N,65.00,RsT,,,0,Compatibility | Radster Trail Lg (2024) | Radster Trail Reg (2024) | Decrease quantity for Kenda Havok Tire - 27.5&#39;&#39; x 3.0&#39;&#39; | Increase quantity for Kenda Havok Tire - 27.5&#39;&#39; x 3.0&#39;&#39; | Back Order | Free shipping on orders over $150* | *Shipping fees and restrictions m,,,,,,,,
accessory_fit,,,kenda-juggernaut-26-x-4-tire,"Kenda Juggernaut - 26"" x 4""",Spare Parts,Y,Y,105.00,Y,Y,115.00,RR6+;RR6+ST,RR5;RRST1;RadRover (2015);RadRover (2016);RadRover (2017);RadRover (2018);RadRover (2019),RR5;RR6+;RR6+ST;RRST1,4,"Compatibility | RadRover (all model years) | Inner Tube - 26"" x 4"" | Details | 26\"" x 4\"" | Wire bead | 30 TPI casing | Sizing & Capacity | Overview | The Kenda Juggernaut tire features a reflective sidewall stripe and Kenda's K-Shield puncture-resistant tire liner. A layer of light, flexible rubber",,,,,,,,
accessory_fit,,,kenda-k-rad-20-x-3-3-tire,"Kenda K-Rad Tire - 20"" x 3.3""",Spare Parts,Y,Y,65.00,N,,,RE5;RRn+;RRn2;RRn3+,RM4;RMST2;RRn1;RadMini (2016);RadMini (2017);RadMini (2018);RadMini (2019);RadMini Step-Thru (2019),RE5;RM4;RMST2;RRn+;RRn1;RRn2;RRn3+,7,"Compatibility | RadExpand 5 | RadMini (all model years) | RadRunner 3 Plus | RadRunner Plus | RadRunner 2 | RadRunner 1 | For use with the | Inner Tube - 20"" x 4"" | Details | 20\"" x 3.3\"" | Wire bead | 30 TPI casing | Stock tire for the RadRunner 1 and RadRunner Plus | Sizing & Capacity | Overview |",,,,,,,,
accessory_fit,,,kenda-k-rad-26-x-2-3-tire,"Kenda K-Rad - 26"" x 2.3""",Spare Parts,Y,Y,55.00,Y,Y,39.00,,RC4;RCST3;RadCity (2017);RadCity (2018);RadCity (2019);RadCity Step-Thru (2018);RadCity Step-Thru (2019);RadWagon (2015);RadWagon (2016);RadWagon (2017);RadWagon (2018);RadWagon (2019),RC4;RCST3,2,"Compatibility | RadCity High-Step, RadCity Step-Thru, RadWagon (model year 2015 - 2019) | Inner Tube - 26"" x 2.3"" | Details | 26"" x 2.3"" | Wire bead | 30 TPI casing | Sizing & Capacity | Overview | Designed to prevent punctures and increase tire life, the Kenda K-Rad tire features a reflective sidew",,,,,,,,
accessory_fit,,,kenda-kraze-20-x-4-25-tire,"Kenda Kraze - 20"" x 4.25""",Spare Parts,N,,,Y,N,49.00,RE5;RRn+;RRn2,RM4;RMST2;RRn1;RadMini (2016);RadMini (2017);RadMini (2018);RadMini (2019);RadMini Step-Thru (2019),RE5;RM4;RMST2;RRn+;RRn1;RRn2,6,,,,,,,,,
accessory_fit,,,kenda-krusade-20-x-4-tire,"Kenda Krusade - 20"" x 4""",Spare Parts,Y,Y,67.95,Y,N,49.00,RE5;RE5+;RRn+;RRn2,RM4;RMST2;RRn1;RadMini (2016);RadMini (2017);RadMini (2018);RadMini (2019);RadMini Step-Thru (2019),RE5;RM4;RMST2;RRn+;RRn1;RRn2,6,"Compatibility | RadExpand 5 | RadExpand 5 Plus | RadMini | RadMini Step-Thru | RadRunner 1 | RadRunner 2 | RadRunner Plus | Details | 20\"" x 4\"" | Wire bead | 30 TPI casing | Sizing & Capacity | Overview | A layer of light, flexible rubber containing aramid and ceramic particles inside the tire unde",,,,,,,,
accessory_fit,,,kenda-kwick-tire-29-x-2-2,"Kenda Kwick Tire - 29"" x 2.2''",Spare Parts,Y,Y,60.00,Y,Y,75.00,RsR,,,0,Compatibility | Radster Road Lg (2024) | Radster Road Reg (2024) | Decrease quantity for Kenda Kwick Tire - 29&quot; x 2.2&#39;&#39; | Increase quantity for Kenda Kwick Tire - 29&quot; x 2.2&#39;&#39; | Back Order | Free shipping on orders over $150* | *Shipping fees and restrictions may apply in Al,,,,,,,,
accessory_fit,,,kickstand,Kickstands,Spare Parts,N,,,Y,Y,40.00,RE5;RRn2;RW4;RW5;RsR;RsT,RC4;RCST3;RM4;RMST2;RMis1;RR5;RRST1;RRn1;RadCity (2017);RadCity (2018);RadCity (2019);RadCity Step-Thru (2018);RadCity Step-Thru (2019);RadMini (2016);RadMini (2017);RadMini (2018);RadMini (2019);RadMini Step-Thru (2019);RadRover (2015);RadRover (2016);RadRover (2017);RadRover (2018);RadRover (2019);RadWagon (2015);RadWagon (2016);RadWagon (2017);RadWagon (2018);RadWagon (2019),RC4;RCST3;RE5;RM4;RMST2;RMis1;RR5;RRST1;RRn1;RRn2;RW4,11,,,,,,,,,
accessory_fit,,,kontact-kenda-tires-27-5-x-1-95,"Kenda Kontact - 27.5"" x 1.95""",Spare Parts,Y,Y,55.00,N,,,RC5+,RMis1,RC5+;RMis1,2,"Compatibility | RadCity 5 Plus | RadCity 5 Plus Step-Thru | RadMission 1 | Inner Tube - 27.5"" x 1.9"" ~ 2.0"" | Details | Kenda K-shield flat prevention belt | Reflective strip side wall | 27.5\"" x 1.95\"" | Wire bead | 30 TPI casing | Stock tire for the RadMission | Also compatible with the RadCity 5 ",,,,,,,,
accessory_fit,,,kontact-kenda-tires-27-5-x-1-95-with-reflective-line,"Kenda Kontact - 27.5"" x 1.95""",Spare Parts,N,,,Y,Y,49.00,RC5+,RMis1,RC5+;RMis1,2,,,,,,,,,
accessory_fit,,,krad-radrunner-tire,"Kenda K-Rad - 20"" x 3.3""",Spare Parts,N,,,Y,N,49.00,RE5;RRn+;RRn2,RM4;RMST2;RRn1;RadMini (2016);RadMini (2017);RadMini (2018);RadMini (2019);RadMini Step-Thru (2019),RE5;RM4;RMST2;RRn+;RRn1;RRn2,6,,,,,,,,,
accessory_fit,,,large-basket,Large Basket,Accessories,Y,Y,119.00,Y,N,159.00,RC5+;RC5+ST;RE5;RE5+;RK;RR6+;RR6+ST;RRn+;RRn+-MY25;RRn-MY25;RRn2;RRn3+;RRnMax;RT;RW4;RW5;RsR;RsT,RC4;RCST3;RM4;RMST2;RMis1;RR5;RRST1;RRn1;RadCity (2018);RadCity (2019);RadCity Step-Thru (2018);RadCity Step-Thru (2019);RadMini (2018);RadMini (2019);RadMini Step-Thru (2019);RadRover (2018);RadRover (2019);RadWagon (2018);RadWagon (2019),RC4;RC5+;RC5+ST;RCST3;RE5;RM4;RMST2;RMis1;RR5;RR6+;RR6+ST;RRST1;RRn+;RRn1;RRn2;RRn3+;RT;RW4,18,Compatibility | Compatible: All 2018 and after model ebikes | RadTrike - Must be mounted on rear rack or optional Front Rack. Recommend mounting basket lengthwise along rear axle. Still may need to adjust where feet are on pedal for larger feet. | Required for Front Mounting: | Front Rack | Required,,,,,,,,
accessory_fit,,,large-basket-roll-top-liner,Large Basket Roll Top Liner,Accessories,Y,Y,65.25,Y,Y,96.75,RC5+;RC5+ST;RE5;RE5+;RK;RR6+;RR6+ST;RRn+;RRn+-MY25;RRn-MY25;RRn2;RRn3+;RRnMax;RT;RW4;RW5;RsR;RsT,RC4;RCST3;RM4;RMST2;RMis1;RR5;RRST1;RRn1;RadCity (2018);RadCity (2019);RadCity Step-Thru (2018);RadCity Step-Thru (2019);RadMini (2018);RadMini (2019);RadMini Step-Thru (2019);RadRover (2018);RadRover (2019);RadWagon (2018);RadWagon (2019),RC4;RC5+;RC5+ST;RCST3;RE5;RM4;RMST2;RMis1;RR5;RR6+;RR6+ST;RRST1;RRn+;RRn1;RRn2;RRn3+;RT;RW4,18,Compatibility | All 2018 and later model ebikes | Designed to work with the | Large Basket | and the | Large Front-Mounted Basket | . | Details | Water-proof base to minimize splashing | Velcro strap for secure attachment and easy detachment | High visibility interior makes it easy to find small ite,,,,,,,,
accessory_fit,,,large-front-mounted-basket,Large Front-Mounted Basket,Accessories,Y,N,119.00,Y,N,159.00,RC5+;RC5+ST;RE5;RE5+;RK;RR6+;RR6+ST;RRn+;RRn+-MY25;RRn-MY25;RRn2;RRn3+;RRnMax;RT;RW4;RW5;RsR;RsT,RC4;RCST3;RM4;RMST2;RMis1;RR5;RRST1;RRn1;RadCity (2017);RadCity (2018);RadCity (2019);RadCity Step-Thru (2018);RadCity Step-Thru (2019);RadMini (2016);RadMini (2017);RadMini (2018);RadMini (2019);RadMini Step-Thru (2019);RadRover (2015);RadRover (2016);RadRover (2017);RadRover (2018);RadRover (2019);RadWagon (2015);RadWagon (2016);RadWagon (2017);RadWagon (2018);RadWagon (2019),RC4;RC5+;RC5+ST;RCST3;RE5;RM4;RMST2;RMis1;RR5;RR6+;RR6+ST;RRST1;RRn+;RRn1;RRn2;RRn3+;RT;RW4,18,"Compatibility | All 2018 and after model ebikes | Details | Durable aluminum siding | Wood bottom coated for water and UV resistance | Stainless steel fasteners | Compatible with large basket liners and bags | Sizing & Capacity | Imperial dimensions (LxWxH): 13.6"" x 21.2"" x 6.4"" | Metric dimensions ",,,,,,,,
accessory_fit,,,large-platform,Large Platform,Accessories,Y,Y,49.00,Y,Y,52.00,RC5+;RC5+ST;RE5;RE5+;RK;RR6+;RR6+ST;RRn+;RRn+-MY25;RRn-MY25;RRn2;RRn3+;RRnMax;RT;RW4;RW5;RsR;RsT,RC4;RCST3;RM4;RMST2;RMis1;RR5;RRST1;RRn1;RadCity (2018);RadCity (2019);RadCity Step-Thru (2018);RadCity Step-Thru (2019);RadMini (2018);RadMini (2019);RadMini Step-Thru (2019);RadRover (2018);RadRover (2019);RadWagon (2018);RadWagon (2019),RC4;RC5+;RC5+ST;RCST3;RE5;RM4;RMST2;RMis1;RR5;RR6+;RR6+ST;RRST1;RRn+;RRn1;RRn2;RRn3+;RT;RW4,18,"Compatibility | All 2018 and after model ebikes | Required for Front Mounting: Front Rack | Required for Rear Mounting: Rear Rack (on ebikes without integrated rear racks) | Details | Aluminum construction with durable, matte-black finish | Stainless-steel mounting hardware included | Sizing & Capac",,,,,,,,
accessory_fit,,,lcd-display-upgrade,LCD Display Upgrade,Accessories,N,,,Y,N,103.00,RE5;RRn2,RRn1,RE5;RRn1;RRn2,3,,,,,,,,,
accessory_fit,,,lock-go-security,Lock & Go Security Bundle,Bundles,Y,N,109.00,N,,,,,,0,Compatibility: | Compatible with: | RadExpand 5 | RadExpand 5 Plus | RadRover 6 Plus | RadRunner (MY2025) | RadRunner Plus (MY2025) | RadRunner Max | Radster Trail | Radster Road | Legacy Compatibility: | RadRunner 2 | RadRunner Plus | RadRunner 3 Plus | Important! | Please note that some bikes or b,,,,,,,,
accessory_fit,,,nner-tube-27-5-x-2-0-fv40mm,"Inner Tube - 27.5"" x 1.9” ~ 2.0""",Spare Parts,N,,,Y,Y,20.00,RC5+;RC5+ST,RMis1,RC5+;RC5+ST;RMis1,3,,,,,,,,,
accessory_fit,,,pedals,Pedals,Spare Parts,Y,Y,40.00,Y,Y,25.00,RC5+;RC5+ST;RE5;RE5+;RR6+;RR6+ST;RRn+;RRn2;RW4;RW5;RsR;RsT,RC4;RCST3;RM4;RMST2;RMis1;RR5;RRST1;RRn1;RadCity (2017);RadCity (2018);RadCity (2019);RadCity Step-Thru (2018);RadCity Step-Thru (2019);RadMini (2016);RadMini (2017);RadMini (2018);RadMini (2019);RadMini Step-Thru (2019);RadRover (2015);RadRover (2016);RadRover (2017);RadRover (2018);RadRover (2019);RadWagon (2015);RadWagon (2016);RadWagon (2017);RadWagon (2018);RadWagon (2019),RC4;RC5+;RC5+ST;RCST3;RE5;RM4;RMST2;RMis1;RR5;RR6+;RR6+ST;RRST1;RRn+;RRn1;RRn2;RW4,16,"Compatibility | 400-00037 - Aluminum | Pedals - RadCity 3, RadWagon 3 & RadRover | 400-00038 - Folding | Aluminum | Pedals - | RadMini | 400-00426 - Composite | Pedals - RadExpand, RadRunner 1,2,MY25 & RadMission | 400-01286 - | Aluminum | Pedals - | RadWagon 5 (2024), | RadWagon 4 & RadCity 5 Plus ",,,,,,,,
accessory_fit,,,pet-basket-carrier,Pet Basket Carrier,Accessories,Y,Y,99.00,Y,Y,149.00,RC5+;RC5+ST;RE5;RE5+;RK;RR6+;RR6+ST;RRn+;RRn2;RRn3+;RT;RW4;RW5;RsR;RsT,RC4;RCST3;RM4;RMST2;RMis1;RR5;RRST1;RRn1;RadCity (2018);RadCity (2019);RadCity Step-Thru (2018);RadCity Step-Thru (2019);RadMini (2018);RadMini (2019);RadMini Step-Thru (2019);RadRover (2018);RadRover (2019);RadWagon (2018);RadWagon (2019),RC4;RC5+;RC5+ST;RCST3;RE5;RM4;RMST2;RMis1;RR5;RR6+;RR6+ST;RRST1;RRn+;RRn1;RRn2;RRn3+;RT;RW4,18,"Compatibility | Only to be used in a | Large Basket | (sold separately) mounted on the rear rack of a bike (rear racks sold separately on some models). | Details | Tarpaulin base fabric, polyester upper, lightly padded polyester lining | Internal D-ring for leash loop (leash not included) | Soft, wa",,,,,,,,
accessory_fit,,,pet-basket-liner,Pet Basket Liner,Accessories,Y,Y,59.00,Y,Y,55.00,RC5+;RC5+ST;RE5;RE5+;RK;RR6+;RR6+ST;RRn+;RRn+-MY25;RRn-MY25;RRn2;RRn3+;RRnMax;RT;RW4;RW5;RsR;RsT,RC4;RCST3;RM4;RMST2;RMis1;RR5;RRST1;RRn1;RadCity (2018);RadCity (2019);RadCity Step-Thru (2018);RadCity Step-Thru (2019);RadMini (2018);RadMini (2019);RadMini Step-Thru (2019);RadRover (2018);RadRover (2019);RadWagon (2018);RadWagon (2019),RC4;RC5+;RC5+ST;RCST3;RE5;RM4;RMST2;RMis1;RR5;RR6+;RR6+ST;RRST1;RRn+;RRn1;RRn2;RRn3+;RT;RW4,18,"Compatibility | All ebikes with a | Small Basket | attached. | Front mounting of the Small Basket requires a | Front Rack | (sold separately) or a Rear Rack (sold separately for some models). | Details | Tarpaulin base fabric, polyester upper, lightly padded polyester lining | Internal D-ring for le",,,,,,,,
accessory_fit,,,premium-rad-headlight-2020,Premium Headlight,Accessories,Y,Y,49.00,Y,Y,52.00,RC5+;RC5+ST;RE5;RR6+;RR6+ST;RRn+;RRn+-MY25;RRn-MY25;RRn2;RRn3+;RT;RW4;RsR;RsT,RC4;RCST3;RM4;RMST2;RMis1;RR5;RRST1;RRn1;RadCity (2018);RadCity (2019);RadCity Step-Thru (2018);RadCity Step-Thru (2019);RadMini (2018);RadMini (2019);RadMini Step-Thru (2019);RadRover (2018);RadRover (2019);RadWagon (2018);RadWagon (2019),RC4;RC5+;RC5+ST;RCST3;RE5;RM4;RMST2;RMis1;RR5;RR6+;RR6+ST;RRST1;RRn+;RRn1;RRn2;RRn3+;RT;RW4,18,"Compatibility | All Rad ebike models except: RadExpand 5 Plus, RadKick, Radster Road, Radster Trail, RadWagon 5, RadRunner Max | Not compatible on Rad ebike models produced before 2018 | Not compatible with the Front Rack | Details | Removable rock guard | Mounting hardware included | Sizing & Capac",,,,,,,,
accessory_fit,,,rad-battery-charger-2025,Rad Battery Charger (MY2025),Spare Parts,Y,Y,65.00,Y,N,79.00,RC5+;RC5+ST;RE5;RR6+;RR6+ST;RRn+;RRn2;RW4,RC4;RCST3;RM4;RMST2;RMis1;RR5;RRST1;RRn1;RadCity (2017);RadCity (2018);RadCity (2019);RadCity Step-Thru (2018);RadCity Step-Thru (2019);RadMini (2016);RadMini (2017);RadMini (2018);RadMini (2019);RadMini Step-Thru (2019);RadRover (2015);RadRover (2016);RadRover (2017);RadRover (2018);RadRover (2019);RadWagon (2015);RadWagon (2016);RadWagon (2017);RadWagon (2018);RadWagon (2019),RC4;RC5+;RC5+ST;RCST3;RE5;RM4;RMST2;RMis1;RR5;RR6+;RR6+ST;RRST1;RRn+;RRn1;RRn2;RW4,16,Compatibility | Compatible with all Rad Power Bikes except the 2016-2017 RadMini 1 and RadKick | Details | The Rad Battery Charger is 100-240V and 50-60Hz input compatible for worldwide use; designed with standard North American 2-prong plug | All ebikes come with a charger; only purchase if you wan,,,,,,,,
accessory_fit,,,rad-bike-replacement-key,Rad Bike Replacement Key,Spare Parts,N,,,Y,Y,20.00,,,,0,,,,,,,,,
accessory_fit,,,rad-fat-tire-wheel-lock,Rad Fat Tire Wheel Lock,Accessories,Y,Y,89.00,Y,Y,119.00,RE5;RE5+;RR6+;RR6+ST;RRn+-MY25;RRn-MY25;RRn2;RRn3+;RRnMax;RW5;RsR;RsT,,RE5;RR6+;RR6+ST;RRn2;RRn3+,5,Compatibility | Compatible with: | RadExpand 5 | RadExpand 5 Plus | RadRover 6 Plus | RadRunner (MY2025) | RadRunner Plus (MY2025) | RadRunner Max | Radster Trail | Radster Road | Requires | Rad Fat Tire Wheel Lock Mount | (sold separately): | RadRunner Plus (MY2025) - when Range Extender is install,,,,,,,,
accessory_fit,,,rad-fat-tire-wheel-lock-mount,Rad Fat Tire Wheel Lock Mount,Accessories,Y,Y,25.00,Y,Y,35.00,RRn+-MY25;RRn3+;RRnMax;RW5,,RRn3+,1,Compatibility | RadWagon 5 | RadRunner Plus (legacy) | RadRunner 3 Plus with Range Extender installed | RadRunner Plus (MY2025) with Range Extender installed | RadRunner Max with Range Extender installed | Details | Steel mounting bracket | Comes with hardware for installation | Required in order to,,,,,,,,
accessory_fit,,,rad-mirror,Rad Mirror,Accessories,Y,Y,34.00,Y,N,39.00,RC5+;RC5+ST;RE5;RE5+;RK;RRn+;RRn+-MY25;RRn-MY25;RRn2;RRn3+;RRnMax;RT;RW4;RW5;RsR;RsT,RC4;RCST3;RM4;RMST2;RMis1;RR5;RRST1;RRn1;RadCity (2017);RadCity (2018);RadCity (2019);RadCity Step-Thru (2018);RadCity Step-Thru (2019);RadMini (2016);RadMini (2017);RadMini (2018);RadMini (2019);RadMini Step-Thru (2019);RadRover (2015);RadRover (2016);RadRover (2017);RadRover (2018);RadRover (2019);RadWagon (2015);RadWagon (2016);RadWagon (2017);RadWagon (2018);RadWagon (2019),RC4;RC5+;RC5+ST;RCST3;RE5;RM4;RMST2;RMis1;RR5;RRST1;RRn+;RRn1;RRn2;RRn3+;RT;RW4,16,Compatibility | Works on all models except the RadRover 6 Plus models due to limited handlebar space | RadCity 5 Plus: Cannot be used with the GUB PRO-3 Phone Mount due to limited handlebar space | RadRunner 3 Plus: Will require repositioning of the UI remote and bell | Details | Fits any handlebar ,,,,,,,,
accessory_fit,,,rad-portable-tire-inflator,Rad Portable Tire Inflator,Accessories,Y,Y,119.00,N,,,RC5+;RC5+ST;RE5;RE5+;RK;RR6+;RR6+ST;RRn+;RRn2;RRn3+;RT;RW4;RW5;RsR;RsT,RC4;RCST3;RM4;RMST2;RMis1;RR5;RRST1;RRn1;RadCity (2017);RadCity (2018);RadCity (2019);RadCity Step-Thru (2018);RadCity Step-Thru (2019);RadMini (2016);RadMini (2017);RadMini (2018);RadMini (2019);RadMini Step-Thru (2019);RadRover (2015);RadRover (2016);RadRover (2017);RadRover (2018);RadRover (2019);RadWagon (2015);RadWagon (2016);RadWagon (2017);RadWagon (2018);RadWagon (2019),RC4;RC5+;RC5+ST;RCST3;RE5;RM4;RMST2;RMis1;RR5;RR6+;RR6+ST;RRST1;RRn+;RRn1;RRn2;RRn3+;RT;RW4,18,Compatibility | All Rad ebike models. | Check your bike tires' sidewall to confirm the recommended pressure. | Details | Complimentary hard shell carry case | Flexible inflation hose for easy access from any angle | Auto shut-off | Accuracy of ±0.5psi | USB C charging cable and USB-A phone charging ,,,,,,,,
accessory_fit,,,rad-safe-shield-semi-integrated-battery,Safe Shield™ Semi-Integrated Battery (14 Ah),Spare Parts,N,,,Y,Y,699.00,RC5+;RC5+ST;RR6+;RR6+ST;RRn3+;RsR;RsT,,RC5+;RC5+ST;RR6+;RR6+ST;RRn3+,5,,,,,,,,,
accessory_fit,,,rad-trailer,Rad Trailer,Accessories,Y,Y,299.00,N,,,RE5;RE5+;RR6+;RR6+ST;RRn+;RRn2;RRn3+;RT;RW4,RC4;RCST3;RM4;RMST2;RMis1;RR5;RRST1;RRn1;RadCity (2017);RadCity (2018);RadCity (2019);RadCity Step-Thru (2018);RadCity Step-Thru (2019);RadMini (2016);RadMini (2017);RadMini (2018);RadMini (2019);RadMini Step-Thru (2019);RadRover (2015);RadRover (2016);RadRover (2017);RadRover (2018);RadRover (2019);RadWagon (2015);RadWagon (2016);RadWagon (2017);RadWagon (2018);RadWagon (2019),RC4;RCST3;RE5;RM4;RMST2;RMis1;RR5;RR6+;RR6+ST;RRST1;RRn+;RRn1;RRn2;RRn3+;RT;RW4,16,"Compatibility | All Rad ebike models, except as follows: | Not compatible with the RadCity 5 Plus or RadKick | Not compatible with RadWagon 3 and older if running boards are installed | Compatible with RadTrike if a M10 axel nut is used (sold separately) | Sold as a single flatbed unit. | Rad Traile",,,,,,,,
accessory_fit,,,rad-trailer-cargo-bin,Rad Trailer Cargo Bin,Accessories,Y,Y,125.00,N,,,RE5;RE5+;RR6+;RR6+ST;RRn+;RRn2;RRn3+;RT;RW4;RsR;RsT,RC4;RCST3;RM4;RMST2;RMis1;RR5;RRST1;RRn1;RadCity (2018);RadCity (2019);RadCity Step-Thru (2018);RadCity Step-Thru (2019);RadMini (2018);RadMini (2019);RadMini Step-Thru (2019);RadRover (2018);RadRover (2019);RadWagon (2018);RadWagon (2019),RC4;RCST3;RE5;RM4;RMST2;RMis1;RR5;RR6+;RR6+ST;RRST1;RRn+;RRn1;RRn2;RRn3+;RT;RW4,16,"Compatibility | Designed for use with the | Rad Trailer | , sold separately. See | Rad Trailer | for compatible ebikes. | Details | Easy tool-free installation; attaches using the hardware that comes standard on the Rad Trailer | 90 lb. maximum payload capacity | Weather-resistant material designed ",,,,,,,,
accessory_fit,,,rad-trailer-pet-insert,Rad Trailer Pet Insert,Accessories,Y,Y,229.00,N,,,RE5;RE5+;RR6+;RR6+ST;RRn+;RRn2;RRn3+;RT;RW4;RsR;RsT,RC4;RCST3;RM4;RMST2;RMis1;RR5;RRST1;RRn1;RadCity (2017);RadCity (2018);RadCity (2019);RadCity Step-Thru (2018);RadCity Step-Thru (2019);RadMini (2016);RadMini (2017);RadMini (2018);RadMini (2019);RadMini Step-Thru (2019);RadRover (2015);RadRover (2016);RadRover (2017);RadRover (2018);RadRover (2019);RadWagon (2015);RadWagon (2016);RadWagon (2017);RadWagon (2018);RadWagon (2019),RC4;RCST3;RE5;RM4;RMST2;RMis1;RR5;RR6+;RR6+ST;RRST1;RRn+;RRn1;RRn2;RRn3+;RT;RW4,16,"Compatibility | Designed for use with the | Rad Trailer | , sold separately. See | Rad Trailer | for compatible ebike models. | Pets must be secured before riding. Leashes not included. | Details | Carries up to 84 lb | Exterior side pocket for transporting treats or other small items | A D-ring kee",,,,,,,,
accessory_fit,,,rad-wheel-lock-by-abus,Rad Wheel Lock by ABUS,Accessories,Y,Y,59.99,Y,Y,79.00,RC5+;RC5+ST;RK,RC4;RCST3;RMis1,RC4;RC5+;RC5+ST;RCST3;RMis1,5,"Compatibility | RadCity 5 Plus | RadKick | RadCity 3 & 4 (legacy) | RadMission (legacy) | For added security, we strongly recommend using with an ABUS Adaptor Chain ( | 85 cm | or | 130 cm | ) | Details | Wheel lock securely mounts to the ebike frame without interfering with riding or other accessor",,,,,,,,
accessory_fit,,,rad-wheel-lock-security-chain,Rad Wheel Lock Security Chain,Accessories,Y,Y,59.00,Y,Y,65.00,RE5;RE5+;RR6+;RR6+ST;RRn+-MY25;RRn-MY25;RRn2;RRn3+;RRnMax;RW5;RsR;RsT,,RE5;RR6+;RR6+ST;RRn2;RRn3+,5,Compatibility | Requires the | Rad Fat Tire Wheel Lock | The Rad Fat Tire Wheel Lock is compatible with: | RadExpand 5 | RadExpand 5 Plus | RadRover 6 Plus | RadRunner 2 | RadRunner 3 Plus | Radster Road | Radster Trail | RadWagon 5 | RadCity and RadMission owners will need the | ABUS wheel lock | a,,,,,,,,
accessory_fit,,,radexpand-headlight,Headlight - RadExpand 5 Plus,Spare Parts,Y,Y,45.00,Y,Y,50.00,RE5+,,,0,Compatibility | RadExpand 5 Plus (2024) | Replacement parts are not eligible for returns or refunds. | Decrease quantity for Headlight - RadExpand 5 Plus | Increase quantity for Headlight - RadExpand 5 Plus | Add to Cart | Free shipping on orders over $150* | *Shipping fees and restrictions may appl,,,,,,,,
accessory_fit,,,radexpand-replacement-tire,RadExpand Replacement Tire,Spare Parts,Y,N,55.00,Y,N,49.00,RE5;RE5+,,RE5,1,Compatibility | RadExpand 5 Plus (2024) | RadExpand 5 (2022-2024) | RadMini 1-4 HS (2016-2022) | RadMini ST 1-2 (2019-2022) | Decrease quantity for RadExpand Replacement Tire | Increase quantity for RadExpand Replacement Tire | Out of Stock | Free shipping on orders over $150* | *Shipping fees and r,,,,,,,,
accessory_fit,,,radmini-full-fender,RadMini Full Fenders,Spare Parts,Y,Y,62.00,N,,,,RadMini (2016);RadMini (2017);RadMini (2018);RadMini (2019);RadMini Step-Thru (2019),,0,"Compatibility | RadMini 4, RadMini Step-Thru 2, RadMini (2018, 2019 model years), RadMini Step-Thru (2019 model year) | Sizing & Capacity | Installation & Use | Installation Instructions | The | Overview | Made from durable PVC, stainless-steel brackets, and hardware the RadRunner Full Fenders provi",,,,,,,,
accessory_fit,,,radmini-full-fenders,RadMini Full Fenders,Accessories,N,,,Y,Y,119.00,RE5+,RadMini (2018);RadMini (2019);RadMini Step-Thru (2019),,0,,,,,,,,,
accessory_fit,,,radmission-full-fenders,RadMission Full Fenders,Accessories,Y,Y,29.00,N,,,,RMis1,RMis1,1,"Compatibility | RadMission 1 | Details | Includes both front and rear fender | Mounting hardware included | Sizing & Capacity | Installation & Use | Installation Instructions | Overview | Made from durable PVC, stainless-steel brackets, and hardware, the RadMission Full Fenders provide protection yo",,,,,,,,
accessory_fit,,,radmission-kickstand,RadMission Kickstand,Accessories,N,,,Y,N,25.00,,RMis1,RMis1,1,,,,,,,,,
accessory_fit,,,radmission-rear-rack,RadMission Rear Rack,Accessories,N,,,Y,Y,109.00,,RMis1,RMis1,1,,,,,,,,,
accessory_fit,,,radmission-replacement-seat,RadMission Replacement Seat,Spare Parts,Y,Y,45.00,N,,,,RMis1,RMis1,1,Compatibility | RadMission | Sizing & Capacity | Overview | Replacement seat for the RadMission electric hybrid bike. | RadMission Replacement Seat | You May Also Like | Out of Stock | 4.5 | 63 Reviews | RadRunner 3/RadRunner Max Passenger Package | $139 | Add to Cart | Out of Stock | 4.6 | 239 Revi,,,,,,,,
accessory_fit,,,radrover-rear-rack,RadRover Rear Rack,Accessories,Y,N,99.00,N,,,RR6+;RR6+ST,RR5;RRST1;RadRover (2016);RadRover (2017);RadRover (2018);RadRover (2019),RR5;RR6+;RR6+ST;RRST1,4,"Compatibility | All RadRover models | Details | Mounting hardware included | Brake-light extension cable included | Sizing & Capacity | Dimensions: 16"" x 6.3"" x 13"" (41 cm x 16 cm x 33 cm) | Weight capacity: 55 lb (25 kg) | Installation & Use | Child seat must be attached to rack in order to carry c",,,,,,,,
accessory_fit,,,radrover-rear-rack-1,RadRover Rear Rack,Accessories,N,,,Y,N,129.00,RR6+;RR6+ST,RR5;RRST1;RadRover (2016);RadRover (2017);RadRover (2018);RadRover (2019),RR5;RR6+;RR6+ST;RRST1,4,,,,,,,,,
accessory_fit,,,radrunner-2-passenger-package,RadRunner Passenger Package,Accessories,N,,,Y,N,145.00,RRn+;RRn+-MY25;RRn-MY25;RRn2,,RRn+;RRn2,2,,,,,,,,,
accessory_fit,,,radrunner-3-console,RadRunner 3/RadRunner Max Console,Accessories,Y,Y,96.75,Y,Y,114.00,RRn3+;RRnMax,,RRn3+,1,"Compatibility | RadRunner 3 Plus and RadRunner Max only | If you have a RadRunner 1, 2 or RadRunner Plus, check out our | RadRunner 2 Console | . | Details | Designed for security. Internal screws ensure it can’t be removed when locked. | Hinged lid for easy access to stored items | Top portion can ",,,,,,,,
accessory_fit,,,radrunner-3-passenger-package,RadRunner 3/RadRunner Max Passenger Package,Accessories,Y,Y,139.00,Y,Y,179.00,RRn3+;RRnMax,,RRn3+,1,Compatibility | RadRunner 3 Plus and RadRunner Max. | Have a RadRunner or RadRunner Plus? You’ll need the | RadRunner Passenger Package | . | Not compatible with panniers or other rear-mounted storage. | Details | Rear passenger seat with durable vinyl top and 2.75” foam padding | Can be aligned wit,,,,,,,,
accessory_fit,,,radrunner-3-plus-center-kickstand,RadRunner 3 Plus Center Kickstand,Spare Parts,Y,Y,75.00,Y,Y,89.00,RRn3+,,RRn3+,1,Compatibility | RadRunner Max MY25 (2025) | RadRunner 3 Plus (2023-2025) | Spare and replacement parts are not eligible for returns or refunds. | Decrease quantity for RadRunner 3 Plus Center Kickstand | Increase quantity for RadRunner 3 Plus Center Kickstand | Add to Cart | Free shipping on orders ,,,,,,,,
accessory_fit,,,radrunner-caboose,RadRunner Caboose,Accessories,Y,Y,199.00,Y,N,269.00,RRn+;RRn+-MY25;RRn-MY25;RRn2;RRn3+;RRnMax,RRn1,RRn+;RRn1;RRn2;RRn3+,4,Compatibility | All RadRunner models | Requires RadRunner Passenger Package (comes standard on the RadRunner Plus) | RadRunner 3 Plus and RadRunner Max requires the RadRunner 3/RadRunner Max Passenger Package | RadRunner 1 & 2 and RadRunner (MY 2025) require the RadRunner Passenger Package | Not com,,,,,,,,
accessory_fit,,,radrunner-center-console,RadRunner 2 Console,Accessories,Y,Y,74.25,Y,Y,74.25,RRn+;RRn+-MY25;RRn-MY25;RRn2,RRn1,RRn+;RRn1;RRn2,3,Compatibility | RadRunner 2 | RadRunner Plus | RadRunner 1 | RadRunner (MY 2025) | RadRunner Plus (MY 2025) | Have a RadRunner 3 Plus or RadRunner Max? You’ll need the | RadRunner 3 Console | instead. | Details | Elastic band to secure phone | Fully removeable lid accomodates bulkier items | 12L cap,,,,,,,,
accessory_fit,,,radrunner-comfort-saddle,RadRunner 1 Comfort Saddle,Spare Parts,Y,Y,49.00,Y,Y,59.00,RRn+;RRn2,RRn1,RRn+;RRn1;RRn2,3,"Compatibility | RadRunner MY25 (2025) | RadRunner Plus MY25 (2025) | RadRunner 1-2 (2019-2024) | RadRunner 1 Plus (2020-2024) | seat | seat, comfort seat, RadRunner, saddle, comfort saddle | Spare and replacement parts are not eligible for returns or refunds. | seat | seat, comfort seat, RadRunner, ",,,,,,,,
accessory_fit,,,radrunner-driver-seat,RadRunner Driver Seat,Spare Parts,N,,,Y,Y,40.00,RRn+;RRn2,RRn1,RRn+;RRn1;RRn2,3,,,,,,,,,
accessory_fit,,,radrunner-full-fenders,RadRunner Full Fenders,Accessories,Y,Y,89.00,Y,Y,89.00,RRn-MY25;RRn2,RRn1,RRn1;RRn2,2,Compatibility | RadRunner 2 | RadRunner 1 | RadRunner (MY 2025) | Not compatible with the RadRunner Plus | Please contact us if you need replacement fenders for your RadRunner Plus | Details | Includes both front and rear fender | Mounting hardware included | Sizing & Capacity | Installation & Use |,,,,,,,,
accessory_fit,,,radrunner-passenger-bars,RadRunner Passenger Bars,Accessories,Y,Y,79.00,Y,N,94.00,RRn+;RRn+-MY25;RRn-MY25;RRn2;RRn3+;RRnMax,RRn1,RRn+;RRn1;RRn2;RRn3+,4,Compatibility | For use with the Passenger Package on any RadRunner model | Details | Front and rear alloy bars (2 bars total) | Mounting hardware included | Sizing & Capacity | Installation & Use | Mounting Hardware included | Installation Instructions | Overview | The custom-fit RadRunner Passenge,,,,,,,,
accessory_fit,,,radrunner-passenger-package,RadRunner Passenger Package,Accessories,Y,N,109.00,N,,,RRn+;RRn2,RRn1,RRn+;RRn1;RRn2,3,Compatibility | RadRunner 2 | RadRunner Plus | RadRunner 1 | RadRunner (MY2025) | RadRunner Plus (MY2025) | Have a RadRunner 3 Plus or RadRunner Max? You’ll need the | RadRunner 3 Passenger Package | instead. | Details | Rear passenger seat with durable vinyl top and 2-¼” foam padding | Retractable ,,,,,,,,
accessory_fit,,,radrunner-range-extender,RadRunner Range Extender,Accessories,Y,Y,249.00,Y,Y,249.00,RRn+-MY25;RRn3+;RRnMax,,RRn3+,1,"Compatible with select Runner models, the Range Extender lets you add a second battery to ride longer, double your distance, or take it even further. | Battery sold separately. | Decrease quantity for RadRunner Range Extender | Increase quantity for RadRunner Range Extender | Add to Cart | Free ship",,,,,,,,
accessory_fit,,,radtrike-replacement-tire,RadTrike Replacement Tire,Spare Parts,Y,Y,44.00,N,,,RT,,RT,1,"Compatibility | RadTrike | Inner Tube - 18"" x 2.25"" | Details | DImensions: 18"" x 2.25"" | K-Shield puncture-resistant liner | Sizing & Capacity | Overview | Replacement tire for the RadTrike electric trike. | RadTrike Replacement Tire | You May Also Like | Out of Stock | Safe Shield™ Advanced Extern",,,,,,,,
accessory_fit,,,radwagon-4-caboose,RadWagon Caboose,Accessories,Y,Y,199.00,Y,Y,269.00,RW4;RW5,,RW4,1,Compatibility | RadWagon MY25 | RadWagon 5 | RadWagon 4 | Details | Optional internal rail can be added to provide a tighter fit | Aluminum construction with durable matte black finish | Stainless-steel hardware included | Can be used in tandem with up to two Thule Yepp Maxi Child Seats or up to two,,,,,,,,
accessory_fit,,,radwagon-4-deckhand,RadWagon Deckhand,Accessories,Y,Y,69.00,Y,Y,99.00,RW4;RW5,,RW4,1,"Compatibility | RadWagon MY25 | RadWagon 5 | RadWagon 4 | Details | Ergonomic hold geometry | Aluminum construction with durable matte-black finish | Stainless-steel hardware included | Can be used in tandem with one Thule Yepp Maxi Child Seat | Sizing & Capacity | Dimentions (WxH): 11.8"" x 9.25"" | ",,,,,,,,
accessory_fit,,,radwagon-4-passenger-cargo-bundle,RadWagon 4 Passenger & Cargo Bundle,Bundles,Y,N,299.00,N,,,,,,0,"Compatibility: | RadWagon 4 | Decrease quantity for RadWagon 4 Passenger &amp; Cargo Bundle | Increase quantity for RadWagon 4 Passenger &amp; Cargo Bundle | Out of Stock | Free shipping* | *Shipping fees and restrictions may apply in Alaska and Hawaii, see checkout. | RadWagon 4 Passenger & Cargo B",,,,,,,,
accessory_fit,,,radwagon-4-replacement-tire,RadWagon 4 Replacement Tire,Spare Parts,N,,,Y,N,49.00,RW4,,RW4,1,,,,,,,,,
accessory_fit,,,radwagon-4-running-board-set,RadWagon 4 Running Boards,Accessories,Y,Y,79.00,Y,N,99.00,RW4,,RW4,1,Compatibility | RadWagon MY25 | RadWagon 4 | Not compatible with the RadWagon 5 | Details | Easily mounts to the bottom of your bike’s frame | Can support up to 30 lb. on each side | Stylish wood paneling | Sizing & Capacity | Can support up to 30 lb. on each side | Installation & Use | Installation,,,,,,,,
accessory_fit,,,radwagon-5-deckpad,RadWagon 5 Deckpad,Accessories,N,,,Y,Y,119.00,RW4;RW5,,RW4,1,,,,,,,,,
accessory_fit,,,radwagon-5-family-kit,RadWagon 5 Family Bundle,Bundles,Y,N,357.00,N,,,,,,0,"Compatibility: | RadWagon 5 | Decrease quantity for RadWagon 5 Family Bundle | Increase quantity for RadWagon 5 Family Bundle | Out of Stock | Free shipping* | *Shipping fees and restrictions may apply in Alaska and Hawaii, see checkout. | RadWagon 5 Family Bundle | $357 | - | Out of Stock | You May",,,,,,,,
accessory_fit,,,radwagon-5-passenger-cargo-bundle,RadWagon 5 Passenger & Cargo Bundle,Bundles,Y,N,325.00,N,,,,,,0,"Compatibility: | RadWagon 5 | Decrease quantity for RadWagon 5 Passenger &amp; Cargo Bundle | Increase quantity for RadWagon 5 Passenger &amp; Cargo Bundle | Out of Stock | Free shipping* | *Shipping fees and restrictions may apply in Alaska and Hawaii, see checkout. | RadWagon 5 Passenger & Cargo B",,,,,,,,
accessory_fit,,,radwagon-5-running-boards,RadWagon 5 Running Boards,Accessories,N,,,Y,Y,159.00,RW4;RW5,,RW4,1,,,,,,,,,
accessory_fit,,,radwagon-5-tire-20-x-3-3,"RadWagon 5 Tire - 20"" x 3.3""",Spare Parts,Y,Y,65.00,Y,Y,75.00,RW5,,,0,Compatibility | RadRunner MY25 (2025) | RadRunner Plus MY25 (2025) | RadWagon 5 (2024-2025) | Replacement parts are not eligible for returns or refunds. | Decrease quantity for RadWagon 5 Tire - 20&quot; x 3.3&quot; | Increase quantity for RadWagon 5 Tire - 20&quot; x 3.3&quot; | Add to Cart | Free ,,,,,,,,
accessory_fit,,,radwagon-deckpad,RadWagon Deckpad,Accessories,Y,N,89.00,N,,,RW4;RW5,,RW4,1,"Compatibility | RadWagon MY25 | RadWagon 5 | RadWagon 4 | Details | Vegan leather material with cushioned base | Tool-less installation for easy on and off | Sold individually. Buy two for two passengers. | Sizing & Capacity | Dimensions: 13.5"" x 6.5"" x 2” | Weight: 2.1 lb (1.0 kg) | Suitable for on",,,,,,,,
accessory_fit,,,radwagon-passenger-pegs,RadWagon 4 Passenger Pegs,Accessories,Y,Y,25.00,Y,Y,35.00,RW4,,RW4,1,Compatibility | RadWagon MY25 | RadWagon 4 | Details | Can support up to 30 lb. on each side | Retractable | Two (2) pegs included per set | Up to two sets (4 pegs total) can fit on a RadWagon 4 or RadWagon MY25 | Sizing & Capacity | Can support up to 30 lb. on each side | Installation & Use | Insta,,,,,,,,
accessory_fit,,,radwagon-running-boards,RadWagon 5 Running Boards,Accessories,Y,Y,119.00,N,,,RW5,,,0,Compatibility | RadWagon 5 | Details | Simple one-piece design in cast aluminum | Perforated surface drains water and adds grip for feet | Holes can also be used for to secure cargo via straps | Easily mounts to your RadWagon frame | Can support up to 30 lb per side | Sizing & Capacity | Dimensions:,,,,,,,,
accessory_fit,,,reflective-sticker,Reflective Safety Sticker,Accessories,Y,Y,10.00,Y,Y,10.00,RC5+;RC5+ST;RE5;RE5+;RK;RR6+;RR6+ST;RRn+;RRn+-MY25;RRn-MY25;RRn2;RRn3+;RRnMax;RT;RW4;RW5;RsR;RsT,RC4;RCST3;RM4;RMST2;RMis1;RR5;RRST1;RRn1;RadCity (2017);RadCity (2018);RadCity (2019);RadCity Step-Thru (2018);RadCity Step-Thru (2019);RadMini (2016);RadMini (2017);RadMini (2018);RadMini (2019);RadMini Step-Thru (2019);RadRover (2015);RadRover (2016);RadRover (2017);RadRover (2018);RadRover (2019);RadWagon (2015);RadWagon (2016);RadWagon (2017);RadWagon (2018);RadWagon (2019),RC4;RC5+;RC5+ST;RCST3;RE5;RM4;RMST2;RMis1;RR5;RR6+;RR6+ST;RRST1;RRn+;RRn1;RRn2;RRn3+;RT;RW4,18,"Compatibility | All ebike models | Details | 12 stickers total in set | Sizing & Capacity | Installation & Use | Wipe down your bike. Ensure it is clean and dry before application. | Overview | Shine on, Rad rider! Enjoy more confidence riding at night with this set of Rad-branded reflective safety ",,,,,,,,
accessory_fit,,,replacement-keys,Rad Replacement Keys,Spare Parts,Y,Y,15.00,N,,,RE5;RRn+;RRn2;RW4,RC4;RCST3;RM4;RMST2;RMis1;RR5;RRST1;RRn1;RadCity (2017);RadCity (2018);RadCity (2019);RadCity Step-Thru (2018);RadCity Step-Thru (2019);RadMini (2016);RadMini (2017);RadMini (2018);RadMini (2019);RadMini Step-Thru (2019);RadRover (2015);RadRover (2016);RadRover (2017);RadRover (2018);RadRover (2019);RadWagon (2015);RadWagon (2016);RadWagon (2017);RadWagon (2018);RadWagon (2019),RC4;RCST3;RE5;RM4;RMST2;RMis1;RR5;RRST1;RRn+;RRn1;RRn2;RW4,12,Compatibility | All 2018 and after ebike models | Sizing & Capacity | Overview | A set of 2 replacement keys. Used to turn the battery on or off and lock the battery to the frame. | Please submit your request for replacement keys at this | link | . Have the keycode from your battery ready for our te,,,,,,,,
accessory_fit,,,roadside-repair-tool-kit,Roadside Repair Tool Kit,Accessories,Y,Y,36.75,Y,Y,51.75,RC5+;RC5+ST;RE5;RE5+;RK;RR6+;RRn+;RRn+-MY25;RRn-MY25;RRn2;RRn3+;RRnMax;RT;RW4;RW5;RsR;RsT,RC4;RCST3;RM4;RMST2;RMis1;RR5;RRST1;RRn1;RadCity (2018);RadCity (2019);RadCity Step-Thru (2018);RadCity Step-Thru (2019);RadMini (2018);RadMini (2019);RadMini Step-Thru (2019);RadRover (2018);RadRover (2019);RadWagon (2015);RadWagon (2016);RadWagon (2017);RadWagon (2018);RadWagon (2019),RC4;RC5+;RC5+ST;RCST3;RE5;RM4;RMST2;RMis1;RR5;RR6+;RRST1;RRn+;RRn1;RRn2;RRn3+;RT;RW4,17,"Compatibility | All ebike models | Details | Kit includes: | 10 Zip Ties (6\"") | 18 mm Wrench | 8 / 10 mm wrench | Flat-side Cutters | Brake Inner Pad Adjustment Tool | 3 Tire Levers | Glueless Patch Kit (4 patches) | Multi-tool: | #2 Philips Head Screwdriver | Flathead Screwdriver | #2, #3, #4, #5,",,,,,,,,
accessory_fit,,,rotor-gemma-gr-180-180mm-x-2-3mm,Brake Rotor - RadExpand 5 Plus,Spare Parts,Y,Y,30.00,Y,Y,40.00,RE5+,,,0,Compatibility | RadRunner Max MY25 (2025) | RadExpand 5 Plus (2024-2025) | Replacement parts are not eligible for returns or refunds. | Decrease quantity for Brake Rotor - RadExpand 5 Plus | Increase quantity for Brake Rotor - RadExpand 5 Plus | Add to Cart | Free shipping on orders over $150* | *Sh,,,,,,,,
accessory_fit,,,rw4-tube-22x3-0-av40mm,"Inner Tube - 22"" x 3""",Spare Parts,Y,Y,22.00,Y,Y,19.00,RW4,,RW4,1,"Compatibility | RadWagon 4 | Rad Power Bikes by VEE Tire Co. Tire - 22"" x 3"" | Details | PSI Range: 45 - 65 PSI | 50 PSI is recommended | Sizing & Capacity | Overview | Replacement inner tube for 22” x 3"" tires. | Tire performance and replacement information | Inner Tube - 22"" x 3"" | You May Also Li",,,,,,,,
accessory_fit,,,saddle-bag,Saddle Bag,Accessories,Y,Y,18.75,Y,Y,29.25,RC5+;RC5+ST;RE5;RE5+;RK;RR6+;RR6+ST;RRn+;RRn2;RRn3+;RT;RW4;RW5;RsR;RsT,RC4;RCST3;RM4;RMST2;RMis1;RR5;RRST1;RRn1;RadCity (2017);RadCity (2018);RadCity (2019);RadCity Step-Thru (2018);RadCity Step-Thru (2019);RadMini (2016);RadMini (2017);RadMini (2018);RadMini (2019);RadMini Step-Thru (2019);RadRover (2015);RadRover (2016);RadRover (2017);RadRover (2018);RadRover (2019);RadWagon (2015);RadWagon (2016);RadWagon (2017);RadWagon (2018);RadWagon (2019),RC4;RC5+;RC5+ST;RCST3;RE5;RM4;RMST2;RMis1;RR5;RR6+;RR6+ST;RRST1;RRn+;RRn1;RRn2;RRn3+;RT;RW4,18,"Compatibility | All ebikes except RadRunner 1, RadRunner 2, and RadRunner Plus | Compatible with 2025 RadRunner, RadRunner Plus, and RadRunner Max | Seat post must be at a height of 135 mm in order to fit properly, so it may not work for riders who need the saddle low. | Details | Reflective Rad Pow",,,,,,,,
accessory_fit,,,safe-shield-advanced-external-battery,Safe Shield™ Advanced External Battery (15 Ah),Spare Parts,Y,Y,599.00,Y,N,799.00,RE5;RE5+;RRn+;RRn2;RT;RW4;RW5,RM4;RMis1;RR5;RRn1,RE5;RM4;RMis1;RR5;RRn+;RRn1;RRn2;RT;RW4,9,"Compatibility | Comes standard on the RadWagon 5 and RadExpand 5 Plus | Compatible as an upgrade for the 2020 and later models that use an external battery including: | RadExpand 5 | RadMini 4 High-Step | RadRover 5 High-Step | RadRunner 1, 2 & Plus | RadTrike | RadWagon 4 | RadMission 1 | Not compa",,,,,,,,
accessory_fit,,,safe-shield-advanced-external-battery-13-ah,Safe Shield™ Advanced External Battery (13 Ah),Spare Parts,Y,Y,549.00,Y,N,599.00,RE5;RE5+;RRn+;RRn+-MY25;RRn-MY25;RRn2;RT;RW4;RW5,RM4;RMST2;RMis1;RR5;RRST1;RRn1,RE5;RM4;RMST2;RMis1;RR5;RRST1;RRn+;RRn1;RRn2;RT;RW4,11,Compatibility | Comes standard on the RadRunner (MY2025) and RadRunner Plus (MY2025) | Compatible as an upgrade or spare battery for the following models that use an external battery: | RadRover 5 High-Step | RadRover 1 Step-Thru | RadWagon 4 | RadWagon 5 | RadMini 4 High-Step | RadMini 2 Step-Thru ,,,,,,,,
accessory_fit,,,safe-shield-advanced-semi-integrated-battery,Safe Shield™ Advanced Semi-Integrated Battery (15 Ah),Spare Parts,Y,Y,599.00,Y,Y,799.00,RC5+;RC5+ST;RR6+;RR6+ST;RRn3+;RsR;RsT,,RC5+;RC5+ST;RR6+;RR6+ST;RRn3+,5,"Compatibility | Comes standard on the Radster Road and Radster Trail | Compatible as an upgrade or spare battery for the following models that use a semi-integrated battery: RadRunner 3 Plus, RadRover 6 Plus and RadCity 5 Plus | Not for use on non-Rad Power Bikes branded ebikes. | Details | Built-in",,,,,,,,
accessory_fit,,,safe-shield-basic-external-battery-10-ah,Safe Shield™ Basic External Battery (10 Ah),Spare Parts,N,,,Y,N,499.00,RE5;RE5+;RRn+;RRn-MY25;RRn2;RW4,RM4;RMST2;RR5;RRn1,RE5;RM4;RMST2;RR5;RRn+;RRn1;RRn2;RW4,8,,,,,,,,,
accessory_fit,,,safe-shield-radkick-battery,Safe Shield™ RadKick Battery (10 Ah),Spare Parts,Y,Y,349.00,Y,Y,499.00,RK,,,0,Compatibility | Comes standard on RadKick | Only compatible with RadKick ebikes | Not for use on non-Rad Power Bikes branded ebikes. | Details | Locks onto the bike with the key that comes with your bike | Built-in charge level indicator | Auto-resetting fuses | Battery management system with short ,,,,,,,,
accessory_fit,,,schrader-cst-tube-20x2-8-3-0,"Inner Tube - 20"" x 3""",Spare Parts,Y,Y,22.00,Y,Y,20.00,,,,0,"Compatibility | RadMini, RadMini Step-Thru | CST Big Boat Tire | Details | PSI Range: 5 - 30 PSI | 20 - 25 PSI is recommended | Sizing & Capacity | Overview | Replacement inner tube for 20"" tires 2.8"" - 3.0"" wide. | Tire performance and replacement information | Inner Tube - 20"" x 3"" | You May Also ",,,,,,,,
accessory_fit,,,seat,Seat,Spare Parts,Y,Y,45.00,Y,Y,39.00,RE5;RRn+;RRn2;RW4,RC4;RCST3;RM4;RMST2;RMis1;RR5;RRST1;RRn1;RadCity (2017);RadCity (2018);RadCity (2019);RadCity Step-Thru (2018);RadCity Step-Thru (2019);RadMini (2016);RadMini (2017);RadMini (2018);RadMini (2019);RadMini Step-Thru (2019);RadRover (2015);RadRover (2016);RadRover (2017);RadRover (2018);RadRover (2019);RadWagon (2015);RadWagon (2016);RadWagon (2017);RadWagon (2018);RadWagon (2019),RC4;RCST3;RE5;RM4;RMST2;RMis1;RR5;RRST1;RRn+;RRn1;RRn2;RW4,12,Compatibility | RadRover 1-5 HS (2015-2021) | RadRover ST 1 (2020-2021) | RadWagon 1-4 (2015-2024) | RadMini 1-4 HS (2016-2022) | RadMini ST 1-2 (2019-2022) | RadCity 1-4 HS (2017-2022) | RadCity ST 1-3 (2018-2022) | RadRover 6 Plus HS (2022-2024) | RadRover 6 Plus ST (2022-2024) | RadCity 5 Plus HS,,,,,,,,
accessory_fit,,,semi-metallic-brake-pads,"Brake Pads - NUTT, YK-34, Semi-Metallic",Spare Parts,N,,,Y,N,25.00,RC5+;RC5+ST;RR6+;RR6+ST,,RC5+;RC5+ST;RR6+;RR6+ST,4,,,,,,,,,
accessory_fit,,,shifter,Shimano Shifter,Spare Parts,N,,,Y,Y,25.00,RC5+;RC5+ST;RE5;RE5+;RR6+;RR6+ST;RRn+;RRn3+;RW4;RW5;RsR;RsT,RC4;RCST3;RM4;RMST2;RR5;RRST1;RadCity (2017);RadCity (2018);RadCity (2019);RadCity Step-Thru (2018);RadCity Step-Thru (2019);RadMini (2016);RadMini (2017);RadMini (2018);RadMini (2019);RadMini Step-Thru (2019);RadRover (2015);RadRover (2016);RadRover (2017);RadRover (2018);RadRover (2019);RadWagon (2015);RadWagon (2016);RadWagon (2017);RadWagon (2018);RadWagon (2019),RC4;RC5+;RC5+ST;RCST3;RE5;RM4;RMST2;RR5;RR6+;RR6+ST;RRST1;RRn+;RRn3+;RW4,14,,,,,,,,,
accessory_fit,,,shifter-cable-universal,Shifter Cable Kits,Spare Parts,N,,,Y,Y,14.00,RC5+;RC5+ST;RE5;RE5+;RR6+;RR6+ST;RRn+;RRn3+;RsR;RsT,RC4;RCST3;RM4;RMST2;RR5;RRST1;RadCity (2017);RadCity (2018);RadCity (2019);RadCity Step-Thru (2018);RadCity Step-Thru (2019);RadMini (2016);RadMini (2017);RadMini (2018);RadMini (2019);RadMini Step-Thru (2019);RadRover (2015);RadRover (2016);RadRover (2017);RadRover (2018);RadRover (2019);RadWagon (2015);RadWagon (2016);RadWagon (2017);RadWagon (2018);RadWagon (2019),RC4;RC5+;RC5+ST;RCST3;RE5;RM4;RMST2;RR5;RR6+;RR6+ST;RRST1;RRn+;RRn3+,13,,,,,,,,,
accessory_fit,,,small-basket,Small Basket,Accessories,Y,Y,89.00,Y,N,119.00,RC5+;RC5+ST;RE5;RE5+;RK;RR6+;RR6+ST;RRn+;RRn+-MY25;RRn-MY25;RRn2;RRn3+;RRnMax;RT;RW4;RW5;RsR;RsT,RC4;RCST3;RM4;RMST2;RMis1;RR5;RRST1;RRn1;RadCity (2018);RadCity (2019);RadCity Step-Thru (2018);RadCity Step-Thru (2019);RadMini (2018);RadMini (2019);RadMini Step-Thru (2019);RadRover (2018);RadRover (2019);RadWagon (2018);RadWagon (2019),RC4;RC5+;RC5+ST;RCST3;RE5;RM4;RMST2;RMis1;RR5;RR6+;RR6+ST;RRST1;RRn+;RRn1;RRn2;RRn3+;RT;RW4,18,Compatibility | All 2018 and after model ebikes and etrikes | Front Rack | required for front-of-bike mounting | Rear Rack accessory is required for models that do not include an integrated rear rack | Details | Aluminum construction with durable matte black finish | Stainless-steel mounting hardwar,,,,,,,,
accessory_fit,,,small-basket-roll-top-liner,Small Basket Roll Top Liner,Accessories,Y,Y,51.75,Y,Y,74.25,RC5+;RC5+ST;RE5;RE5+;RK;RR6+;RR6+ST;RRn+;RRn+-MY25;RRn-MY25;RRn2;RRn3+;RRnMax;RT;RW4;RW5;RsR;RsT,RC4;RCST3;RM4;RMST2;RMis1;RR5;RRST1;RRn1;RadCity (2018);RadCity (2019);RadCity Step-Thru (2018);RadCity Step-Thru (2019);RadMini (2018);RadMini (2019);RadMini Step-Thru (2019);RadRover (2018);RadRover (2019);RadWagon (2018);RadWagon (2019),RC4;RC5+;RC5+ST;RCST3;RE5;RM4;RMST2;RMis1;RR5;RR6+;RR6+ST;RRST1;RRn+;RRn1;RRn2;RRn3+;RT;RW4,18,Compatibility | All 2018 and after model ebikes | RadTrike - Also requires a small basket. | Designed to work with the Small Basket | Details | Water-proof base to minimize splashing | Velcro strap for secure attachment and easy detachment | High visibility interior makes it easy to find small items,,,,,,,,
accessory_fit,,,small-front-mounted-basket,Small Front-Mounted Basket,Accessories,Y,Y,89.00,Y,N,119.00,RC5+;RC5+ST;RE5;RE5+;RK;RR6+;RR6+ST;RRn+;RRn+-MY25;RRn-MY25;RRn2;RRn3+;RRnMax;RT;RW4;RW5;RsR;RsT,RC4;RCST3;RM4;RMST2;RMis1;RR5;RRST1;RRn1;RadCity (2017);RadCity (2018);RadCity (2019);RadCity Step-Thru (2018);RadCity Step-Thru (2019);RadMini (2016);RadMini (2017);RadMini (2018);RadMini (2019);RadMini Step-Thru (2019);RadRover (2015);RadRover (2016);RadRover (2017);RadRover (2018);RadRover (2019);RadWagon (2015);RadWagon (2016);RadWagon (2017);RadWagon (2018);RadWagon (2019),RC4;RC5+;RC5+ST;RCST3;RE5;RM4;RMST2;RMis1;RR5;RR6+;RR6+ST;RRST1;RRn+;RRn1;RRn2;RRn3+;RT;RW4,18,"Compatibility | All 2018 and after model ebikes | Compatible with: | Small Basket Bag | , | Small Basket Roll Top Liner | Not compatible with the Pet Basket Liner | Details | Durable aluminum siding | A wood bottom coated for water and UV resistance | Stainless steel fasteners | Compatible with Rad ",,,,,,,,
accessory_fit,,,sr-suntour-sp12-ncx-seatpost,SR Suntour SP12 NCX Seatpost,Accessories,N,,,Y,N,149.95,RE5;RE5+;RRn2;RRn3+;RW4;RW5;RsR;RsT,RC4;RCST3;RM4;RMST2;RMis1;RR5;RRST1;RRn1;RadCity (2017);RadCity (2018);RadCity (2019);RadCity Step-Thru (2018);RadCity Step-Thru (2019);RadMini (2017);RadMini (2018);RadMini (2019);RadMini Step-Thru (2019);RadRover (2015);RadRover (2016);RadRover (2017);RadRover (2018);RadRover (2019);RadWagon (2015);RadWagon (2016);RadWagon (2017);RadWagon (2018);RadWagon (2019),RC4;RCST3;RE5;RM4;RMST2;RMis1;RR5;RRST1;RRn1;RRn2;RRn3+;RW4,12,,,,,,,,,
accessory_fit,,,standard-rad-headlight,Standard Rad Headlight,Spare Parts,N,,,Y,Y,25.00,RC5+;RC5+ST;RE5;RE5+;RR6+;RR6+ST;RRn+;RRn2;RRn3+;RW4;RW5;RsR;RsT,RC4;RCST3;RM4;RMST2;RMis1;RR5;RRST1;RRn1;RadCity (2018);RadCity (2019);RadCity Step-Thru (2018);RadCity Step-Thru (2019);RadMini (2018);RadMini (2019);RadMini Step-Thru (2019);RadRover (2018);RadRover (2019);RadWagon (2018);RadWagon (2019),RC4;RC5+;RC5+ST;RCST3;RE5;RM4;RMST2;RMis1;RR5;RR6+;RR6+ST;RRST1;RRn+;RRn1;RRn2;RRn3+;RW4,17,,,,,,,,,
accessory_fit,,,tail-light-radster,Taillight - Radster,Spare Parts,Y,Y,38.50,Y,Y,45.00,RsR;RsT,,,0,Compatibility | Radster Trail Lg (2024) | Radster Trail Reg (2024) | Radster Road Lg (2024) | Radster Road Reg (2024) | Decrease quantity for Taillight - Radster | Increase quantity for Taillight - Radster | Add to Cart | Free shipping on orders over $150* | *Shipping fees and restrictions may apply,,,,,,,,
accessory_fit,,,taillight-radexpand,Taillight - RadExpand,Spare Parts,Y,Y,27.50,Y,Y,34.00,RE5,,RE5,1,Compatibility | RadExpand | Sizing & Capacity | Overview | Integrated taillight with brake light indicator functionality for the RadExpand Electric Folding Bike. | Taillight - RadExpand | You May Also Like | Out of Stock | 1.5 | 2 Reviews | Headlight - Standard | $44 | Back Order | Out of Stock | 3.,,,,,,,,
accessory_fit,,,taillight-radexpand-5-plus,Taillight - RadExpand 5 Plus,Spare Parts,Y,Y,38.50,Y,Y,45.00,RE5+,,,0,Compatibility | RadExpand 5 Plus (2024) | Replacement parts are not eligible for returns or refunds. | Decrease quantity for Taillight - RadExpand 5 Plus | Increase quantity for Taillight - RadExpand 5 Plus | Back Order | Free shipping on orders over $150* | *Shipping fees and restrictions may apply,,,,,,,,
accessory_fit,,,taillight-radrover-6-plus,Taillight - RadRover 6 Plus/RadRunner 3 Plus,Spare Parts,Y,Y,27.50,Y,Y,30.00,RR6+;RR6+ST;RRn3+,,RR6+;RR6+ST;RRn3+,3,Compatibility | RadRover 6 Plus HS (2022-2024) | RadRover 6 Plus ST (2022-2024) | Decrease quantity for Taillight - RadRover 6 Plus/RadRunner 3 Plus | Increase quantity for Taillight - RadRover 6 Plus/RadRunner 3 Plus | Add to Cart | Free shipping on orders over $150* | *Shipping fees and restrictio,,,,,,,,
accessory_fit,,,taillight-radrunner,Taillight - RadRunner,Spare Parts,Y,Y,27.50,Y,Y,34.00,RRn+;RRn2,RRn1,RRn+;RRn1;RRn2,3,Compatibility | RadRunner MY25 (2025) | RadRunner 3 Plus (2023-2024) | RadRunner 1-2 (2019-2024) | RadRunner 1 Plus (2020-2024) | RadExpand 5 (2022-2024) | RadTrike (2023-2024) | RadCity 5 Plus HS (2022-2024) | RadCity 5 Plus ST (2022-2024) | RadCity 3-4 HS (2019-2022) | RadCity ST 2-3 (2019-2022) |,,,,,,,,
accessory_fit,,,taillight-radwagon-5,Taillight - RadWagon 5,Spare Parts,Y,Y,38.50,Y,Y,45.00,RW5,,,0,Compatibility | RadWagon 5 | Sizing & Capacity | Overview | Replacement taillight for the RadWagon 5. All Rad ebikes come standard with a taillight. | Taillight - RadWagon 5 | You May Also Like | Out of Stock | 1.5 | 2 Reviews | Headlight - Standard | $44 | Back Order | Out of Stock | 3.6 | 31 Revie,,,,,,,,
accessory_fit,,,taillight-standard,Taillight-Standard,Spare Parts,Y,Y,29.00,Y,Y,34.00,RC5+;RC5+ST;RW4,RC4;RCST3;RM4;RMST2;RMis1;RR5;RRST1;RadCity (2019);RadCity Step-Thru (2019);RadMini (2019);RadMini Step-Thru (2019);RadRover (2019);RadWagon (2019),RC4;RC5+;RC5+ST;RCST3;RM4;RMST2;RMis1;RR5;RRST1;RW4,10,"Compatibility | RadCity 5 Plus and RadCity 5 Plus Step-Thru | RadCity (2019), RadCity Step-Thru (2019), RadCity Step-Thru 3 and RadCity 4 | RadMini (2019), RadMini Step-Thru (2019), RadMini Step-Thru 2, and RadMini 4 | RadMisson 1 | RadRover (2019), RadRover 5 and RadRover Step-Thru 1 | RadWagon 4 a",,,,,,,,
accessory_fit,,,tektro-aries-brake-pads,"Brake Pads - Tektro E10.11, Organic",Spare Parts,Y,Y,25.00,Y,N,19.00,RE5;RRn+;RRn2;RRn3+;RT;RW4,RC4;RCST3;RM4;RMST2;RMis1;RR5;RRST1;RRn1;RadCity (2017);RadCity (2018);RadCity (2019);RadCity Step-Thru (2018);RadCity Step-Thru (2019);RadMini (2016);RadMini (2017);RadMini (2018);RadMini (2019);RadMini Step-Thru (2019);RadRover (2015);RadRover (2016);RadRover (2017);RadRover (2018);RadRover (2019);RadWagon (2015);RadWagon (2016);RadWagon (2017);RadWagon (2018);RadWagon (2019),RC4;RCST3;RE5;RM4;RMST2;RMis1;RR5;RRST1;RRn+;RRn1;RRn2;RRn3+;RT;RW4,14,"Compatibility | All RadCity models, except the RadCity 5 Plus | RadExpand 5 | All RadMini models | RadMission | All RadRover models, except the RadRover 6 Plus | RadRunner 1, 2, Plus and 3 Plus | RadTrike, front brake only | All RadWagon models | Sizing & Capacity | Installation & Use | Mechanical b",,,,,,,,
accessory_fit,,,thule-yepp-2-maxi-child-seat,Thule Yepp 2 Maxi Child Seat,Accessories,N,,,Y,N,289.95,RC5+;RC5+ST;RR6+;RR6+ST;RRn+;RRn+-MY25;RRn-MY25;RRn2;RRn3+;RRnMax;RW4;RW5;RsR;RsT,RC4;RCST3;RR5;RRST1;RRn1;RadCity (2017);RadCity (2018);RadCity (2019);RadCity Step-Thru (2018);RadCity Step-Thru (2019);RadRover (2018);RadRover (2019);RadWagon (2015);RadWagon (2016);RadWagon (2017);RadWagon (2018);RadWagon (2019),RC4;RC5+;RC5+ST;RCST3;RR5;RR6+;RR6+ST;RRST1;RRn+;RRn1;RRn2;RRn3+;RW4,13,,,,,,,,,
accessory_fit,,,top-tube-bag,Top Tube Bag,Accessories,Y,Y,18.75,Y,Y,29.25,RC5+;RC5+ST;RW4;RW5,RC4;RMis1;RR5;RadCity (2017);RadCity (2018);RadCity (2019);RadRover (2015);RadRover (2016);RadRover (2017);RadRover (2018);RadRover (2019);RadWagon (2015);RadWagon (2016);RadWagon (2017);RadWagon (2018);RadWagon (2019),RC4;RC5+;RC5+ST;RMis1;RR5;RW4,6,"Compatibility | RadCity 5 Plus (High-Step) | RadCity 4 (High-Step) | RadWagon (all model years) | RadMission | Details | Nylon material | Reflective Rad Power Bikes screen print | Adjustable straps for secure fit | Sizing & Capacity | Dimensions (LxWxH): 8.5"" x 4"" x 4.5"" (22 cm x 10 cm x 11 cm) | Ma",,,,,,,,
accessory_fit,,,usb-charger,USB Charger,Accessories,Y,Y,39.00,Y,Y,49.00,RC5+;RC5+ST;RR6+;RR6+ST;RRn3+;RT,,RC5+;RC5+ST;RR6+;RR6+ST;RRn3+;RT,6,"Compatibility | RadRover 6 Plus, RadCity 5 Plus, RadRunner 3 Plus, RadTrike | Details | Each charger includes 1 USB Type A Port | Bike can accommodate up to two USB Chargers simultaneously | Sizing & Capacity | Dimensions: 6.4 cm x 2.4 cm x 2 cm | Installation & Use | Installation Instructions | Ove",,,,,,,,
accessory_fit,,,water-bottle,Water Bottle,Accessories,Y,Y,13.00,Y,Y,18.00,RE5;RE5+;RK;RRn+;RRn+-MY25;RRn-MY25;RRn2;RRn3+;RRnMax;RT;RW4;RW5;RsR;RsT,RC4;RCST3;RM4;RMST2;RMis1;RR5;RRST1;RRn1;RadCity (2017);RadCity (2018);RadCity (2019);RadCity Step-Thru (2018);RadCity Step-Thru (2019);RadMini (2016);RadMini (2017);RadMini (2018);RadMini (2019);RadMini Step-Thru (2019);RadRover (2015);RadRover (2016);RadRover (2017);RadRover (2018);RadRover (2019);RadWagon (2015);RadWagon (2016);RadWagon (2017);RadWagon (2018);RadWagon (2019),RC4;RCST3;RE5;RM4;RMST2;RMis1;RR5;RRST1;RRn+;RRn1;RRn2;RRn3+;RT;RW4,14,,,,,,,,,
accessory_fit,,,water-bottle-cage,Water Bottle Holder,Accessories,Y,Y,20.00,Y,Y,25.00,RE5;RE5+;RK;RRn+;RRn+-MY25;RRn-MY25;RRn2;RRn3+;RRnMax;RT;RW4;RW5;RsR;RsT,RC4;RCST3;RM4;RMST2;RMis1;RR5;RRST1;RRn1;RadCity (2017);RadCity (2018);RadCity (2019);RadCity Step-Thru (2018);RadCity Step-Thru (2019);RadMini (2016);RadMini (2017);RadMini (2018);RadMini (2019);RadMini Step-Thru (2019);RadRover (2015);RadRover (2016);RadRover (2017);RadRover (2018);RadRover (2019);RadWagon (2015);RadWagon (2016);RadWagon (2017);RadWagon (2018);RadWagon (2019),RC4;RCST3;RE5;RM4;RMST2;RMis1;RR5;RRST1;RRn+;RRn1;RRn2;RRn3+;RT;RW4,14,"Compatibility | RadTrike - Mounts only to handlebars, there are no frame bosses for water bottle cages. | Not compatible with RadRover Plus models due to limited handlebar space | Cannot be used with the Rad Mirror or Phone Mount on RadCity Plus models due to limited handlebar space | Sizing & Capac",,,,,,,,
removed_or_unlisted,,,radrover-full-fenders,RadRover Full Fenders,,,,,,,,,,,,"404 on US; last Wayback 2023-01-29 tagged RadRover (2018),(2019) only; Yotpo product 1939440336992 not in products.json",,,,,,,,
removed_or_unlisted,,,lcd-display-upgrade,LCD Display Upgrade,,,,,,,,,,,,404 on US; CA listed OOS $103; Yotpo 4792511955040 (700 reviews pulled),,,,,,,,
removed_or_unlisted,,,radmission-kickstand,RadMission Kickstand,,,,,,,,,,,,404 on US; CA listed OOS $25; on Wayback accessories page 2024-12-26,,,,,,,,
removed_or_unlisted,,,hardshell-locking-box,Hardshell Locking Box,,,,,,,,,,,,404 on US; on Wayback accessories page 2024-12-26; Yotpo review 656830163 (2024-12-05) says discontinued,,,,,,,,
removed_or_unlisted,,,(medium front-mounted basket),Medium Front-Mounted Basket,,,,,,,,,,,,"Yotpo 4660658241632 (1,425 reviews) not in products.json; reviews 506182303/774444052 say discontinued",,,,,,,,
removed_or_unlisted,,,(radmini rear rack),RadMini Rear Rack,,,,,,,,,,,,Yotpo 1939439386720 not in products.json,,,,,,,,
removed_or_unlisted,,,(radrover rear rack legacy),RadRover Rear Rack (Legacy),,,,,,,,,,,,Yotpo 1939438796896 not in products.json; current radrover-rear-rack OOS US ($99) and CA ($129),,,,,,,,
removed_or_unlisted,,,(rad ui remote),Rad UI Remote (spare),,,,,,,,,,,,Yotpo 6570871160928 not in products.json; third-party Bikeshop West lists it $99 in stock,,,,,,,,
removed_or_unlisted,,,(rad ui display),Rad UI Display (spare),,,,,,,,,,,,Yotpo 6570871521376 not in products.json; Bikeshop West $129,,,,,,,,
removed_or_unlisted,,,(controllers),"Controllers (RR3+, RC5+ HS/ST, RR6 HS/ST, Runner Plus, RR2, RW4, RadMini, RadTrike...)",,,,,,,,,,,,"Yotpo spare-part products not in products.json; YT 2026-09-10 RR6 controller ""$165... back order""",,,,,,,,
removed_or_unlisted,,,(lcd displays),LCD Display - Wagon / City / Rover / RadMini-Runner Plus; LED Display RR2/RadExpand,,,,,,,,,,,,Yotpo spare-part products not in products.json,,,,,,,,
removed_or_unlisted,,,(fender hardware kits),Fender Hardware Kit - RadCity 5 Front / RadRover 6 Front / Rover Front 2019 / Mini Rear,,,,,,,,,,,,Yotpo spare-part products not in products.json,,,,,,,,
removed_or_unlisted,,,(cable cover),Cable Cover - RadCity 5 ST,,,,,,,,,,,,Yotpo 6576291086432 not in products.json,,,,,,,,
removed_or_unlisted,,,(kickstands),Kickstand - RadRunner 3 Plus (side) / Kickstand - RadExpand 5,,,,,,,,,,,,Yotpo products not in products.json (RR3+ center kickstand still sold $75 US),,,,,,,,
removed_or_unlisted,,,(fender radtrike),Fender - RadTrike Front,,,,,,,,,,,,Yotpo 6646502686816 not in products.json,,,,,,,,
removed_or_unlisted,,,(legacy batteries),"rad-battery-pack-2021, rad-semi-integrated-battery-pack, radrover/radmini/radmission battery packs, rad-battery-charger, radmini-charger",,,,,,,,,,,,404 on US; on Wayback replacement-parts page 2023-05-28 (battery items are out of scope for SoMo),,,,,,,,
removed_or_unlisted,,,sr-suntour-sp12-ncx-seatpost,SR Suntour SP12 NCX Seatpost,,,,,,,,,,,,404 on US; CA listed OOS $149.95,,,,,,,,
removed_or_unlisted,,,thule-yepp-maxi-child-seat,Thule Yepp Maxi Child Seat,,,,,,,,,,,,404 on US; CA lists Yepp 2 Maxi OOS,,,,,,,,
